score_type,round,emp_var_score,theo_var_naive,theo_var_corrected,ratio_naive,ratio_corrected
surp2,1,0.2613052329859847,0.2763238671249293,0.2763238671249293,0.945648436759339,0.945648436759339
surp2,2,0.44957332268632144,0.3950155910804994,0.3950155910804994,1.13811538794352,1.13811538794352
surp2,3,0.41109401861917655,0.43782583454360957,0.43782583454360957,0.9389441786771255,0.9389441786771255
surp2,4,0.4694695119936186,0.42744970648924324,0.42744970648924324,1.0983035076792895,1.0983035076792895
surp2,5,0.47221656332863005,0.41118814534963377,0.41118814534963377,1.1484196922241126,1.1484196922241126
surp2,6,0.4401866324371196,0.401615203096106,0.401615203096106,1.0960407600201916,1.0960407600201916
surp2,7,0.4407860944720734,0.39946253239473273,0.39946253239473273,1.1034479049376935,1.1034479049376935
surp2,8,0.40594245398961815,0.3944830717811105,0.3944830717811105,1.0290491101602104,1.0290491101602104
surp2,9,0.37678790223152764,0.39167582485395686,0.39167582485395686,0.9619891714583599,0.9619891714583599
surp2,10,0.4176420889032102,0.3930245630821578,0.3930245630821578,1.0626360999628066,1.0626360999628066
surp2,11,0.4905757463897247,0.39304553947508925,0.39304553947508925,1.2481397118636346,1.2481397118636346
surp2,12,0.39644062806275104,0.392272845224289,0.392272845224289,1.0106247039253482,1.0106247039253482
surp2,13,0.35400754310264626,0.39146018067956795,0.39146018067956795,0.9043258052149657,0.9043258052149657
surp2,14,0.3493285946333406,0.39159761292297823,0.39159761292297823,0.8920600716277824,0.8920600716277824
surp2,15,0.40529339582192947,0.391289330294868,0.391289330294868,1.035789540993894,1.035789540993894
surp2,16,0.35565967130997383,0.39004619460034995,0.39004619460034995,0.911839869824626,0.911839869824626
surp2,17,0.3772021630381148,0.3905564843688803,0.3905564843688803,0.9658069399299685,0.9658069399299685
surp2,18,0.36852880962811824,0.3900392513445015,0.3900392513445015,0.9448505717251923,0.9448505717251923
surp2,19,0.3820048623556257,0.3897869007104723,0.3897869007104723,0.9800351465360634,0.9800351465360634
surp2,20,0.4380502821911567,0.38882538870216365,0.38882538870216365,1.126598969407059,1.126598969407059
surp2,21,0.37492031986295976,0.3888255116642932,0.3888255116642932,0.9642379643716923,0.9642379643716923
surp2,22,0.31850723266669356,0.3885928545749516,0.3885928545749516,0.8196425356690651,0.8196425356690651
surp2,23,0.4421180039638903,0.3882901003189812,0.3882901003189812,1.138628060825371,1.138628060825371
surp2,24,0.38665001085159717,0.3876545017491224,0.3876545017491224,0.9974087985745221,0.9974087985745221
surp2,25,0.35345190630176543,0.3877145479780311,0.3877145479780311,0.9116292079960665,0.9116292079960665
surp2,26,0.3824550584557775,0.3873548102933,0.3873548102933,0.9873507396647212,0.9873507396647212
surp2,27,0.32247383619035014,0.38711903183010365,0.38711903183010365,0.8330095130323518,0.8330095130323518
surp2,28,0.40779477031611616,0.3879676823223344,0.3879676823223344,1.051104998939857,1.051104998939857
surp2,29,0.4383426325475977,0.3875555776624789,0.3875555776624789,1.1310445722170694,1.1310445722170694
surp2,30,0.443522301502971,0.3869761979700586,0.3869761979700586,1.146122949756428,1.146122949756428
surp2,31,0.39267305314470213,0.3865690475966663,0.3865690475966663,1.015790207689894,1.015790207689894
surp2,32,0.44468460313505176,0.38647452858005626,0.38647452858005626,1.15061813974873,1.15061813974873
surp2,33,0.3506375696888743,0.385915914394601,0.385915914394601,0.9085854109927832,0.9085854109927832
surp2,34,0.41306942805397995,0.3853069120107531,0.3853069120107531,1.0720529925049775,1.0720529925049775
surp2,35,0.34010869206433963,0.3850953139923553,0.3850953139923553,0.8831805522076316,0.8831805522076316
surp2,36,0.35271075826261583,0.38507331992953364,0.38507331992953364,0.9159574034554251,0.9159574034554251
surp2,37,0.3705171300794675,0.3841305002098026,0.3841305002098026,0.9645605591774155,0.9645605591774155
surp2,38,0.35206562672211555,0.3841808434310562,0.3841808434310562,0.916405991454116,0.916405991454116
surp2,39,0.3622994544524107,0.3838601990484536,0.3838601990484536,0.9438317787322322,0.9438317787322322
surp2,40,0.41803187673803627,0.38393401772727664,0.38393401772727664,1.0888117682632141,1.0888117682632141
surp2,41,0.34968959201981176,0.38376752733876973,0.38376752733876973,0.9112016184504433,0.9112016184504433
surp2,42,0.421266166351998,0.3837861926551139,0.3837861926551139,1.0976584734265444,1.0976584734265444
surp2,43,0.3912306412471178,0.38316644115187953,0.38316644115187953,1.0210462066328032,1.0210462066328032
surp2,44,0.40476244312757603,0.3831447652720536,0.3831447652720536,1.056421697005759,1.056421697005759
surp2,45,0.3900170799272457,0.3834449089929375,0.3834449089929375,1.0171398049111386,1.0171398049111386
surp2,46,0.42952971136017726,0.38307831550518867,0.38307831550518867,1.12125822312268,1.12125822312268
surp2,47,0.3502657685879801,0.3819351685426064,0.3819351685426064,0.917081739093389,0.917081739093389
surp2,48,0.352932750567236,0.3817414461726444,0.3817414461726444,0.9245334875365366,0.9245334875365366
surp2,49,0.3504294836862585,0.3815569606657617,0.3815569606657617,0.9184198424130691,0.9184198424130691
surp2,50,0.42480192432023983,0.3812821465826291,0.3812821465826291,1.1141406124773257,1.1141406124773257
surp2,51,0.36931795463777173,0.38122943788717795,0.38122943788717795,0.9687550801023626,0.9687550801023626
surp2,52,0.42356409396149597,0.38106408752230575,0.38106408752230575,1.111529813044118,1.111529813044118
surp2,53,0.4105843998358798,0.381035348857047,0.381035348857047,1.0775493692841571,1.0775493692841571
surp2,54,0.4021972342765978,0.38111760631597263,0.38111760631597263,1.055310034517662,1.055310034517662
surp2,55,0.35952426817594063,0.3809795320657647,0.3809795320657647,0.9436839460285744,0.9436839460285744
surp2,56,0.35545837889907994,0.3806422452185424,0.3806422452185424,0.9338384884079187,0.9338384884079187
surp2,57,0.38053644900888906,0.3808522842171419,0.3808522842171419,0.9991707146803595,0.9991707146803595
surp2,58,0.35560386951017553,0.3805939267665098,0.3805939267665098,0.9343393167919218,0.9343393167919218
surp2,59,0.34134914459185944,0.3804155536926739,0.3804155536926739,0.8973059625938035,0.8973059625938035
surp2,60,0.3581801014517702,0.3804096586254818,0.3804096586254818,0.9415641620298687,0.9415641620298687
surp2,61,0.3338387011964198,0.3805895963350478,0.3805895963350478,0.877161920376112,0.877161920376112
surp2,62,0.4622769837519802,0.3803207594496621,0.3803207594496621,1.2154923765426628,1.2154923765426628
surp2,63,0.3477313970811263,0.3799839719134746,0.3799839719134746,0.9151212229559713,0.9151212229559713
surp2,64,0.37416592533378223,0.3798915917399851,0.3798915917399851,0.9849281570566537,0.9849281570566537
surp2,65,0.3967284198890686,0.3801595003738648,0.3801595003738648,1.0435841258706127,1.0435841258706127
surp2,66,0.38850381184319865,0.3800570920980711,0.3800570920980711,1.022224870738494,1.022224870738494
surp2,67,0.3583665311091232,0.379942708441558,0.379942708441558,0.9432120241998181,0.9432120241998181
surp2,68,0.3640160433360311,0.37944453977593023,0.37944453977593023,0.9593392582509951,0.9593392582509951
surp2,69,0.3244575584479808,0.37942892011034257,0.37942892011034257,0.8551207914083738,0.8551207914083738
surp2,70,0.5107022694001405,0.3795762378869446,0.3795762378869446,1.3454537413700045,1.3454537413700045
surp2,71,0.3749881727093695,0.37904791733504506,0.37904791733504506,0.9892896268782633,0.9892896268782633
surp2,72,0.3173750449593444,0.3790872916197278,0.3790872916197278,0.8372083474581665,0.8372083474581665
surp2,73,0.3193919128095098,0.37949582434986034,0.37949582434986034,0.8416216788595274,0.8416216788595274
surp2,74,0.40123532060600325,0.3794922689468536,0.3794922689468536,1.05729511096363,1.05729511096363
surp2,75,0.4576296141153238,0.3794853769156957,0.3794853769156957,1.2059216031846944,1.2059216031846944
surp2,76,0.37691757371791673,0.37934373402161997,0.37934373402161997,0.9936043221856277,0.9936043221856277
surp2,77,0.2954119730705149,0.37928463822207364,0.37928463822207364,0.7788661688363695,0.7788661688363695
surp2,78,0.29863064377028226,0.37932033254216135,0.37932033254216135,0.7872782399216355,0.7872782399216355
surp2,79,0.3167726176714031,0.37915233205588483,0.37915233205588483,0.8354758520243326,0.8354758520243326
surp2,80,0.37692814949749837,0.3792412674980815,0.3792412674980815,0.9939006690494334,0.9939006690494334
surp2,81,0.45871408008312203,0.37926346388968357,0.37926346388968357,1.2094866069581336,1.2094866069581336
surp2,82,0.39091836651840856,0.3791361657990058,0.3791361657990058,1.03107643580921,1.03107643580921
surp2,83,0.4149411937693823,0.3792740109067333,0.3792740109067333,1.094040672012773,1.094040672012773
surp2,84,0.35403758226898785,0.3793332745326027,0.3793332745326027,0.9333153879137467,0.9333153879137467
surp2,85,0.33591227681306196,0.3792547894253028,0.3792547894253028,0.8857166374143379,0.8857166374143379
surp2,86,0.32419030758367073,0.3795329535832729,0.3795329535832729,0.8541822377290369,0.8541822377290369
surp2,87,0.3970211385845341,0.37877297336881577,0.37877297336881577,1.0481770519512486,1.0481770519512486
surp2,88,0.36781703521228715,0.37831560958738786,0.37831560958738786,0.972249164165996,0.972249164165996
surp2,89,0.36898140434258386,0.3781011998718804,0.3781011998718804,0.9758800143126053,0.9758800143126053
surp2,90,0.4277045232583189,0.37818580862911383,0.37818580862911383,1.1309375272665718,1.1309375272665718
surp2,91,0.47993377848479113,0.37806233349717705,0.37806233349717705,1.2694567428743195,1.2694567428743195
surp2,92,0.39563241683736317,0.3781583355536025,0.3781583355536025,1.0462083726335942,1.0462083726335942
surp2,93,0.48913854528941486,0.3781827541553586,0.3781827541553586,1.293391990816364,1.293391990816364
surp2,94,0.41722880750434527,0.37814931341806013,0.37814931341806013,1.1033440831428434,1.1033440831428434
surp2,95,0.42992679073018597,0.37807430957745336,0.37807430957745336,1.137148914483728,1.137148914483728
surp2,96,0.33300453705558664,0.3779399753382515,0.3779399753382515,0.881104299055827,0.881104299055827
surp2,97,0.4352340202586797,0.3777886572045806,0.3777886572045806,1.1520568761358847,1.1520568761358847
surp2,98,0.423269850650414,0.3775132039886486,0.3775132039886486,1.1212054205742197,1.1212054205742197
surp2,99,0.37171063870024273,0.3775225667789776,0.3775225667789776,0.9846050843309256,0.9846050843309256
surp2,100,0.3345743146546314,0.3774449621788468,0.3774449621788468,0.886418811164575,0.886418811164575
surp2,101,0.3887062562436103,0.3771469230853835,0.3771469230853835,1.030649416581903,1.030649416581903
surp2,102,0.3777913238814248,0.3769954382495352,0.3769954382495352,1.0021111280167874,1.0021111280167874
surp2,103,0.3820143804752622,0.37707154809645116,0.37707154809645116,1.0131084734548752,1.0131084734548752
surp2,104,0.37077381974098705,0.37739912634750905,0.37739912634750905,0.9824448279182781,0.9824448279182781
surp2,105,0.34519652309899357,0.377247439567167,0.377247439567167,0.9150400689135308,0.9150400689135308
surp2,106,0.33309326692915325,0.3771142614732027,0.3771142614732027,0.8832688152071451,0.8832688152071451
surp2,107,0.3503792224559717,0.3771587633682433,0.3771587633682433,0.9289966361297959,0.9289966361297959
surp2,108,0.3866691612699012,0.3770197386250562,0.3770197386250562,1.0255939455054401,1.0255939455054401
surp2,109,0.4148829289487874,0.37717505326315964,0.37717505326315964,1.0999744690413513,1.0999744690413513
surp2,110,0.3737774544433812,0.3769412078407633,0.3769412078407633,0.9916067722722461,0.9916067722722461
surp2,111,0.39223395201563643,0.3769527228250089,0.3769527228250089,1.0405388481507838,1.0405388481507838
surp2,112,0.44655553321016483,0.3769903076485825,0.3769903076485825,1.1845278887817685,1.1845278887817685
surp2,113,0.37009313260444243,0.3772122840974844,0.3772122840974844,0.9811269362288261,0.9811269362288261
surp2,114,0.326954381149945,0.3777072374013905,0.3777072374013905,0.865629113700275,0.865629113700275
surp2,115,0.34534028593734967,0.37751575115771613,0.37751575115771613,0.9147705357413699,0.9147705357413699
surp2,116,0.36960965155832226,0.37732272887302315,0.37732272887302315,0.9795584078972976,0.9795584078972976
surp2,117,0.29817123832931236,0.3772450611758551,0.3772450611758551,0.7903913636401936,0.7903913636401936
surp2,118,0.34296787755368097,0.3774179752317981,0.3774179752317981,0.9087216297608534,0.9087216297608534
surp2,119,0.383341317628935,0.37728879264273296,0.37728879264273296,1.0160421541912414,1.0160421541912414
surp2,120,0.38304377432382075,0.3774688136949501,0.3774688136949501,1.0147693277606133,1.0147693277606133
surp2,121,0.33278468483063933,0.37744060885990016,0.37744060885990016,0.88168754770678,0.88168754770678
surp2,122,0.3461423819221646,0.377418904326495,0.377418904326495,0.9171304827453108,0.9171304827453108
surp2,123,0.33742910104729434,0.37750715992383593,0.37750715992383593,0.8938349702171806,0.8938349702171806
surp2,124,0.36581626289491176,0.3773021879856982,0.3773021879856982,0.9695577564707316,0.9695577564707316
surp2,125,0.3588814808722481,0.3773196722811769,0.3773196722811769,0.9511337659723483,0.9511337659723483
surp2,126,0.31041730064381495,0.37728719510518954,0.37728719510518954,0.8227612934419072,0.8227612934419072
surp2,127,0.368539233657707,0.3773475873878505,0.3773475873878505,0.976657188161402,0.976657188161402
surp2,128,0.3618306785736701,0.3771843258552181,0.3771843258552181,0.9592940474216802,0.9592940474216802
surp2,129,0.36121730877670466,0.3773111609814732,0.3773111609814732,0.9573459418404037,0.9573459418404037
surp2,130,0.43066575802032736,0.3773115207272437,0.3773115207272437,1.1414063296828223,1.1414063296828223
surp2,131,0.45056022532088774,0.3768877350784545,0.3768877350784545,1.1954759557964847,1.1954759557964847
surp2,132,0.3911653144756763,0.3768811893421713,0.3768811893421713,1.0379008704531985,1.0379008704531985
surp2,133,0.4715561691037848,0.3765435818441048,0.3765435818441048,1.2523282611653084,1.2523282611653084
surp2,134,0.44994765747739224,0.3763882070744448,0.3763882070744448,1.1954350562008929,1.1954350562008929
surp2,135,0.40078700166722697,0.3763160021223322,0.3763160021223322,1.0650277942125348,1.0650277942125348
surp2,136,0.37183132831572485,0.3763450518025699,0.3763450518025699,0.988006422655949,0.988006422655949
surp2,137,0.3911661463294862,0.3763961434198763,0.3763961434198763,1.0392405798194742,1.0392405798194742
surp2,138,0.33083926130282315,0.3763795907066553,0.3763795907066553,0.8790042538748453,0.8790042538748453
surp2,139,0.39754463635690507,0.37628507981757237,0.37628507981757237,1.0564985370922482,1.0564985370922482
surp2,140,0.36403629462049764,0.376195965914812,0.376195965914812,0.967677294824932,0.967677294824932
surp2,141,0.42296335105363014,0.37576628676269985,0.37576628676269985,1.1256021786774493,1.1256021786774493
surp2,142,0.33490209356401285,0.3757617369215293,0.3757617369215293,0.8912618307221386,0.8912618307221386
surp2,143,0.36277014726719187,0.37540066579692377,0.37540066579692377,0.9663545654536358,0.9663545654536358
surp2,144,0.37663367000769127,0.3753299171451572,0.3753299171451572,1.0034736182834845,1.0034736182834845
surp2,145,0.34857526742752043,0.37519538746739467,0.37519538746739467,0.9290499805459693,0.9290499805459693
surp2,146,0.3307625429588229,0.37497395123728733,0.37497395123728733,0.8820947211597453,0.8820947211597453
surp2,147,0.2822288690724421,0.37510950422195544,0.37510950422195544,0.7523906109972753,0.7523906109972753
surp2,148,0.3622818963949039,0.37513291746550786,0.37513291746550786,0.9657427528423026,0.9657427528423026
surp2,149,0.3840954852461465,0.3751291596464319,0.3751291596464319,1.023901969146215,1.023901969146215
surp2,150,0.329799811072659,0.37478311478701426,0.37478311478701426,0.8799751057623851,0.8799751057623851
sus_1,1,0.4108002437386554,0.46952926784295645,0.398760724470271,0.8749193540711414,1.0301923397405253
sus_1,2,0.20835322570384504,0.32389030684157344,0.2383655851872,0.6432833008669142,0.874091054462477
sus_1,3,0.24009018287941708,0.32636128535182773,0.2619853049122834,0.735657670365504,0.9164261444350967
sus_1,4,0.23220665821183215,0.305742118855739,0.24405113781011323,0.759485343664398,0.9514672223839545
sus_1,5,0.21394820622982616,0.30045533593737683,0.2387456111605898,0.7120799022002354,0.896134614537128
sus_1,6,0.25245512613603477,0.3076932576398814,0.24639871090204218,0.8204766268603247,1.0245797358753244
sus_1,7,0.2423972638851886,0.31649803870107635,0.257178476587429,0.76587287832809,0.9425254675337675
sus_1,8,0.2771679615122415,0.3147207630264309,0.2560515823734344,0.8806789830036232,1.0824692389833008
sus_1,9,0.2484588800143495,0.3277604251447908,0.26952417665028644,0.7580502737772286,0.9218426454437532
sus_1,10,0.2869761033428174,0.3292725881402251,0.27287831688886394,0.871545684879802,1.0516632710677967
sus_1,11,0.2176475063735996,0.3300111381822908,0.2753703621792757,0.6595156380854514,0.7903810150487564
sus_1,12,0.23878076203511622,0.3317668917084155,0.2779777804781962,0.7197245053764338,0.858992260548125
sus_1,13,0.28135079076215325,0.33538628730143405,0.2819651797407588,0.8388857905489872,0.9978210466300469
sus_1,14,0.26543240990132977,0.33846840263592304,0.2858491555966919,0.7842162158541127,0.9285751058010178
sus_1,15,0.2727627791575898,0.3361568336066749,0.2843952768089379,0.8114152439832288,0.9590974302320673
sus_1,16,0.26938484554047304,0.34168624906195777,0.29007392615844474,0.7883982638459227,0.9286765243192838
sus_1,17,0.2931518626939707,0.34371315691027127,0.2937327789779001,0.852896832141052,0.99802229670808
sus_1,18,0.26601571058907153,0.3413380288163576,0.29233456054394497,0.7793321813907526,0.909970104438209
sus_1,19,0.29165350094826414,0.3422626946065075,0.2942197328392359,0.8521334797634673,0.9912778389599926
sus_1,20,0.2812629663084815,0.3471136733397048,0.29983071137967277,0.8102906566668778,0.9380725710660137
sus_1,21,0.2901147406010453,0.34568776330183215,0.299096411481157,0.8392392540309155,0.9699706498127694
sus_1,22,0.2940032296764679,0.34570943213968247,0.2994386140101531,0.8504345046555661,0.9818480847847469
sus_1,23,0.2831810386245747,0.3457653244121073,0.3004595994695521,0.8189977959937352,0.9424928979620492
sus_1,24,0.30671627782366606,0.3481020896728725,0.3034099936307216,0.8811101309730758,1.010897084019482
sus_1,25,0.32555402828701935,0.3501299978723038,0.30598285703860817,0.929809014552796,1.0639616592832248
sus_1,26,0.32114000100309936,0.34827741268995116,0.3048970008201247,0.9220810460338108,1.0532737289618577
sus_1,27,0.311191221606903,0.35603194482406414,0.31264282985092706,0.8740542137607357,0.9953569757390047
sus_1,28,0.31918775108796177,0.35096256489629823,0.3086051779373808,0.9094638090027487,1.0342916253748935
sus_1,29,0.33007273361623857,0.35047452950857727,0.3086060762879427,0.9417880782351135,1.069560060470963
sus_1,30,0.2920157320138999,0.35077895532520803,0.30948411792284897,0.8324779111767734,0.9435564382877194
sus_1,31,0.29699198090398155,0.3540732476676762,0.3128789582531562,0.8387868410288098,0.9492232477445153
sus_1,32,0.3086353928956971,0.3499108402667525,0.3093997807399443,0.8820401010166209,0.9975294493020676
sus_1,33,0.3243378768490237,0.35342757655163176,0.3127245771557471,0.9176926147460416,1.0371358714396561
sus_1,34,0.3096592225528682,0.3531356423609799,0.3130106965886078,0.8768846454652982,0.9892927811341078
sus_1,35,0.2917135820121748,0.357865956867992,0.3174875511638406,0.8151476171838854,0.9188189613823156
sus_1,36,0.28741201817730544,0.3505302389703326,0.3104368859770935,0.8199350190772865,0.9258307603256688
sus_1,37,0.3269290492861979,0.3562338068547027,0.31627804319563285,0.9177372921810947,1.033676084444398
sus_1,38,0.33796743469238144,0.35470226684856176,0.315063145931442,0.9528200586230672,1.0726974546427064
sus_1,39,0.29055768747580085,0.3579900779783905,0.3186290971957153,0.8116361467798555,0.9118994154426775
sus_1,40,0.33121329314943987,0.35655362143013186,0.3178539080397217,0.9289298249754069,1.042029953924772
sus_1,41,0.286654420838984,0.357316102588951,0.3187859962778749,0.8022432203922958,0.8992064400128703
sus_1,42,0.33106716012363085,0.3541783367797918,0.3162489417457636,0.9347470631143366,1.0468561832841792
sus_1,43,0.2899485204174358,0.3552873756390146,0.317117778354356,0.8160957588091575,0.9143243936750827
sus_1,44,0.32943365120291845,0.3555858748969413,0.3176940946080207,0.926453142432605,1.0369523916060899
sus_1,45,0.2838669675138451,0.35510293443826424,0.31723731955145107,0.7993934715377472,0.894809500708211
sus_1,46,0.3198681459208189,0.35321291934312815,0.31628601624906977,0.9055958273431202,1.011325602422234
sus_1,47,0.3220776657500598,0.3553956179426997,0.3179495790238292,0.9062510888977485,1.0129834634123582
sus_1,48,0.31752308274398433,0.35525961107665077,0.3180276746169233,0.8937776005037499,0.9984133711836659
sus_1,49,0.3112056752618677,0.35322995145048947,0.3160174052592001,0.8810285593957847,0.9847738449931713
sus_1,50,0.3446920624960699,0.3527621808401253,0.3159834176109622,0.9771230625549601,1.0908549097359712
sus_1,51,0.3328623090161158,0.35485792935515115,0.3179674507938895,0.938015700032388,1.0468439715607285
sus_1,52,0.3286604745867019,0.35575727258626993,0.31908272020262707,0.9238334671204869,1.030016524799565
sus_1,53,0.32567142438876767,0.35452382358031,0.31842623191025776,0.9186164729349806,1.0227531269488872
sus_1,54,0.30663491331039877,0.35471367373376095,0.3185742428530468,0.8644575498957255,0.9625226150246068
sus_1,55,0.3082040272094739,0.35302735838619365,0.31695863448827843,0.8730315650842976,0.9723793381021513
sus_1,56,0.33726368875278395,0.358986919343447,0.32291292164780405,0.939487403523246,1.0444416006388002
sus_1,57,0.34280128375080415,0.3554518385456896,0.3197546086371391,0.964409932871231,1.0720761311678815
sus_1,58,0.34823554260477574,0.35767989034685316,0.32188368173701737,0.9735955305373222,1.081867650840679
sus_1,59,0.3389955387068409,0.3579043614926252,0.3223080323126832,0.9471679453501883,1.0517750248866542
sus_1,60,0.2965695554810653,0.3559519484508568,0.32072037335004633,0.8331730076819907,0.9246982110406129
sus_1,61,0.3131808369111676,0.3553588277580464,0.32040522037142277,0.8813087292273584,0.9774523540787492
sus_1,62,0.32010534052112977,0.35293622076781883,0.3185635380853103,0.9069778664959213,1.0048398584630442
sus_1,63,0.2838937533584368,0.3527746839367547,0.3183122757687913,0.8047452560664278,0.8918718345774554
sus_1,64,0.3507537873524729,0.35784484520064275,0.3231659327952887,0.9801839877162576,1.0853674591209461
sus_1,65,0.32881486168085067,0.3554371562334662,0.3209734133691508,0.9250998549652786,1.0244302113043906
sus_1,66,0.2903866692487875,0.3531143578464981,0.3187397063158726,0.8223587140997,0.9110464228169077
sus_1,67,0.34393040871909336,0.3528015778535719,0.3186095252540205,0.974855075228262,1.079473089967681
sus_1,68,0.29035635926744596,0.3554219090853308,0.32118256515575855,0.816934330285577,0.9040227919178511
sus_1,69,0.30824321204900473,0.3554031683654811,0.3214918547431585,0.8673057515683734,0.9587901139680873
sus_1,70,0.32783597323535363,0.35111086221607746,0.3174849758566022,0.9337107122410807,1.0326031093308385
sus_1,71,0.3259740558582499,0.3561051791083966,0.32256843321907896,0.915387011990143,1.0105578298694156
sus_1,72,0.3481196307581134,0.35913683332339785,0.32548806220099114,0.9693231060057724,1.0695311785141512
sus_1,73,0.2734274768351928,0.3554067031865004,0.32178880384402797,0.7693368593886963,0.8497109705772236
sus_1,74,0.3152484013552225,0.35485715434037146,0.3216062395048094,0.8883811344912125,0.9802309863161351
sus_1,75,0.32225335583565895,0.352965718601469,0.32012917664435453,0.9129876893215026,1.0066353814218698
sus_1,76,0.3013035041477685,0.35324297578274905,0.32035421016209237,0.8529638939885835,0.9405323688279776
sus_1,77,0.29549319511825306,0.35816872046189213,0.3253156106562613,0.825011169979296,0.9083277452383939
sus_1,78,0.2983709151207584,0.357896429681683,0.32496840752419365,0.8336794960098729,0.9181536057425672
sus_1,79,0.286416944086411,0.35467210958268836,0.3217066479630077,0.8075541784873154,0.8903047105179668
sus_1,80,0.3257612041604522,0.35578812785550107,0.322920688582556,0.9156044810262923,1.0087963257800683
sus_1,81,0.33500223902690585,0.3527765636910668,0.32012109671042227,0.9496159141690425,1.0464859781795164
sus_1,82,0.33463653001118204,0.35390098782789886,0.32122936464893026,0.9455654025298028,1.0417370478471182
sus_1,83,0.30781493166858115,0.3530331526811565,0.3208151090076855,0.8719150859652709,0.9594776649412952
sus_1,84,0.3313142798148749,0.3587380517544317,0.32621682234170707,0.9235548841126859,1.0156259797903013
sus_1,85,0.3492786246213632,0.3584556036402985,0.3260852885966983,0.9743985617026533,1.071126594286044
sus_1,86,0.30991343898254436,0.35636473892240833,0.3239765096624339,0.8696523677389478,0.956592313762061
sus_1,87,0.3099247804974948,0.35162451962272345,0.3194957616579404,0.8814083296296558,0.970043480042491
sus_1,88,0.3024454800443643,0.3535975801555809,0.321646305877008,0.8553380934091518,0.940304534882531
sus_1,89,0.31946847200802114,0.3550423853007701,0.32269624780034534,0.8998037564934313,0.9899974796288266
sus_1,90,0.32410674306621506,0.351236814808738,0.31925072046813796,0.9227584621011431,1.015210686418989
sus_1,91,0.31910924876991575,0.35028761172769796,0.31793012844962604,0.9109921050190629,1.0037087404268341
sus_1,92,0.34603492122258084,0.35399698652026923,0.32161513586540014,0.9775080986537367,1.0759285948762085
sus_1,93,0.3102408376721626,0.3507188231626571,0.31847931437595745,0.8845856486245064,0.9741318310737459
sus_1,94,0.3136422207797808,0.3544601015163488,0.3223675692042532,0.8848449217219294,0.9729335415283541
sus_1,95,0.33794651940407433,0.35580498954512607,0.3238170391018101,0.9498082638923006,1.0436341470524713
sus_1,96,0.3462733213989208,0.3550153629312683,0.32280304938705756,0.9753755965370998,1.0727077146775066
sus_1,97,0.3365210306794932,0.35360236044705173,0.3216749884187507,0.9516933943937393,1.0461523052622796
sus_1,98,0.3134334003410974,0.35209036492317725,0.320162700848612,0.8902072637218732,0.9789816225010655
sus_1,99,0.3150303964979601,0.3536457722097636,0.32171218876816776,0.8908077552560166,0.9792305280822833
sus_1,100,0.328898368107298,0.3540490120420382,0.32205296420878027,0.9289628184818831,1.0212555221012654
sus_1,101,0.32911139222809543,0.3547571020018942,0.32275255925383756,0.927709101159413,1.0197018824233608
sus_1,102,0.28333396847612263,0.3523237153898784,0.3202415674547581,0.8041864799324897,0.8847507546507073
sus_1,103,0.3423511537760754,0.3537704071457494,0.3218555175787483,0.9677212871992161,1.0636796173373428
sus_1,104,0.3231932990585764,0.3553403241930242,0.3233006492458748,0.9095317279077361,0.9996679555467989
sus_1,105,0.32882317900828717,0.3532583946144576,0.3212904702525668,0.9308290589022271,1.0234451670782483
sus_1,106,0.29872932050367407,0.35448310179333326,0.3222659565794426,0.8427180844232058,0.9269651801710973
sus_1,107,0.31339938634089826,0.3544688596187411,0.3222282564019661,0.884137993611015,0.9726005715338191
sus_1,108,0.313102121658154,0.35380524621128623,0.321775793110412,0.8849561305576994,0.9730443630690336
sus_1,109,0.3295444525854181,0.35283220396170584,0.32074496461340946,0.9339976591852844,1.0274345319266807
sus_1,110,0.3084342796639397,0.35094079827744135,0.31896713369293367,0.8788783782844836,0.9669782466078971
sus_1,111,0.29669580150412234,0.3545567466548291,0.32274666748657244,0.8368076599962826,0.9192838575675335
sus_1,112,0.32226512358335385,0.3524040007975315,0.3206594655338186,0.9144763477543677,1.00500736208383
sus_1,113,0.3108856802841029,0.3571845868634158,0.32514537679581534,0.8703782070052838,0.9561436282679571
sus_1,114,0.3201212811280206,0.3555940317783287,0.32358247456485184,0.9002436838635659,0.9893035200948821
sus_1,115,0.324449760629047,0.3554624551724208,0.3237356699758117,0.9127539516702804,1.002205783049142
sus_1,116,0.31791635712331534,0.35292822897418924,0.3211912942345917,0.9007960571682283,0.9898037799589786
sus_1,117,0.31271264762707585,0.3562369724919564,0.32419627925659766,0.8778219886599129,0.9645781510637491
sus_1,118,0.3419559077648091,0.3575457137009003,0.3256669265296907,0.956397726671861,1.0500173026739126
sus_1,119,0.35198105098153953,0.3538875518001107,0.32210627420161086,0.994612693187784,1.0927481988793228
sus_1,120,0.3602816885039361,0.3546704882352806,0.32290776515544595,1.015820882917479,1.1157417918720491
sus_1,121,0.34100320660023786,0.35537368432025473,0.3235323446656367,0.9595623470333653,1.054000356448617
sus_1,122,0.3426867794928992,0.35507932998320063,0.3233925428372654,0.9650992061664425,1.0596619714429931
sus_1,123,0.3258685036452814,0.355132796087603,0.3234482818318437,0.9175961984792225,1.0074825619716723
sus_1,124,0.3178514307514098,0.354044765631365,0.3224939248559093,0.8977718684375635,0.9856043982640177
sus_1,125,0.31843110928812696,0.35298234261836536,0.3213167869257237,0.9021162558049136,0.9910192129542743
sus_1,126,0.2922582092458446,0.35711355159696523,0.3254697671787238,0.8183901393237641,0.8979580861818055
sus_1,127,0.3345128352457497,0.35348819970560086,0.32185303558012035,0.94631966646792,1.039334100555587
sus_1,128,0.30840463503385307,0.3560654691431209,0.32452590850067026,0.8661458685562387,0.9503236165602356
sus_1,129,0.31369312039440006,0.35500790703454904,0.3235063414435025,0.8836229114296086,0.9696660627877793
sus_1,130,0.3614866443539614,0.3527256613747237,0.3215112596119753,1.0248379518096085,1.12433587797277
sus_1,131,0.32020097470808273,0.35207923239429884,0.3209074787706069,0.909457148411085,0.9977984182069213
sus_1,132,0.3015897438630061,0.3526977205311679,0.3213450255322967,0.8550941112089059,0.9385231445964763
sus_1,133,0.3361773720206904,0.35350336685383066,0.3222472361335975,0.9509877515811488,1.0432281004306823
sus_1,134,0.30143569080560706,0.35069693902041116,0.3193192840637678,0.859533281492551,0.9439946343654291
sus_1,135,0.3436039544532945,0.3554553004837145,0.32430242199546855,0.9666586881267706,1.0595170777296743
sus_1,136,0.33195918307883987,0.35543789822081673,0.3240457053018458,0.9339442550738057,1.0244208691783856
sus_1,137,0.31058004940772294,0.3501412316401797,0.3187327026334239,0.8870136429030685,0.9744216606631753
sus_1,138,0.3320814973291245,0.3552842955157289,0.32393773895607253,0.9346923056283045,1.0251398876811828
sus_1,139,0.3323154099462767,0.35107499555137217,0.3196484855156493,0.9465653041577823,1.0396276691572413
sus_1,140,0.3380993149689797,0.35338733557659824,0.3222584409812614,0.9567386290663923,1.0491558078028418
sus_1,141,0.32903769851994435,0.35254651386045405,0.32137939513918007,0.9333171243615955,1.0238294784811817
sus_1,142,0.3232243400815152,0.3515638165526174,0.3203853844893965,0.9193902354656548,1.0088610646101823
sus_1,143,0.31005040587799554,0.35294555970995206,0.32184459912943936,0.878465240171296,0.9633543850561853
sus_1,144,0.30997386096569346,0.3520970300378336,0.3209195077935804,0.8803648838855189,0.9658928592308345
sus_1,145,0.3049154920438592,0.3501454740147033,0.3192075753328092,0.8708251703149394,0.9552263655583709
sus_1,146,0.31261444355795576,0.3528335060611951,0.3218982410490336,0.8860112154533765,0.9711592164628707
sus_1,147,0.31825927937324294,0.3542992250240324,0.3231759742468098,0.8982782261283669,0.9847863230395586
sus_1,148,0.29599500898121883,0.35165908088119224,0.3204888459363589,0.8417101251573268,0.9235735119467966
sus_1,149,0.2934712972941189,0.3486874873449564,0.3176692042841549,0.8416456223557798,0.92382671450774
sus_1,150,0.3213237178993972,0.35188647878180185,0.3209015231784221,0.9131459640387147,1.0013156519694684
sus_3,1,0.46696736061725497,0.3927921001933463,0.0,1.188841018919161,inf
sus_3,2,0.45342320526300367,0.33870507464052707,0.0,1.3386962263385889,inf
sus_3,3,0.4904648029563877,0.3311173315271777,0.0009079022909557582,1.481241711795237,540.2176069410182
sus_3,4,0.527433334768389,0.31022466065791554,0.0022774023841778436,1.7001657239299532,231.5942665348512
sus_3,5,0.55387748211322,0.3049886471687293,0.0,1.816059342716444,inf
sus_3,6,0.586222686694933,0.3132453219934592,0.00033886608568956515,1.8714491343853932,1729.9538415064972
sus_3,7,0.5518817759917067,0.31916317308248193,0.0,1.7291524290275273,inf
sus_3,8,0.6070992652717679,0.3196957219352776,0.0,1.8989908954573849,inf
sus_3,9,0.5758618512654154,0.3311586282341973,0.0,1.7389305371145656,inf
sus_3,10,0.6000293985448125,0.3329633523231807,0.0,1.8020884111066142,inf
sus_3,11,0.5109731911961547,0.33227064686122126,6.355522054160542e-05,1.5378222422685797,8039.830352907898
sus_3,12,0.5329991720221634,0.3350252637883851,0.0,1.590922326260226,inf
sus_3,13,0.5801731680605151,0.3389727709907943,0.0,1.7115627499067505,inf
sus_3,14,0.5315840637375493,0.33985762847988377,0.0,1.5641375069767305,inf
sus_3,15,0.5719011105101448,0.33841651337330253,0.0,1.6899326359978442,inf
sus_3,16,0.5678597158574666,0.34457828027404747,0.0,1.6479846478014826,inf
sus_3,17,0.5959540147190783,0.34700461824658246,0.0,1.7174238709860388,inf
sus_3,18,0.5593200920496367,0.34405723279948575,0.0,1.6256600319040662,inf
sus_3,19,0.5739391203094275,0.34413607233502647,0.0,1.6677679744966727,inf
sus_3,20,0.5864719322149243,0.34947092461917667,0.0,1.6781708889058824,inf
sus_3,21,0.5718081338455938,0.3481126663360144,0.0,1.6425950249499346,inf
sus_3,22,0.5965553435957,0.3484506669159548,0.0,1.7120223900721856,inf
sus_3,23,0.5570175358629067,0.3473374908830716,0.0,1.6036781242553002,inf
sus_3,24,0.6044872948426301,0.3506338394238202,0.0,1.723984472907564,inf
sus_3,25,0.6036446139838028,0.3513179455048679,0.0,1.718228805865081,inf
sus_3,26,0.597364136154975,0.349859787286503,0.0,1.707438687904388,inf
sus_3,27,0.6137926768484716,0.3579482781176522,0.0,1.7147524219874226,inf
sus_3,28,0.5954629028741427,0.35148585943155464,0.0,1.6941304661222027,inf
sus_3,29,0.599962067520659,0.35124750949337114,0.0,1.7080891716101454,inf
sus_3,30,0.5704404226024445,0.3517175461143184,0.0,1.6218708133970516,inf
sus_3,31,0.5772652359063905,0.3545118077399155,0.0,1.628338530066384,inf
sus_3,32,0.5863837191644101,0.35050069678591306,0.0,1.6729887402265997,inf
sus_3,33,0.6000658539719615,0.35462841512979,0.0,1.6920974980314092,inf
sus_3,34,0.5768113430935247,0.35356985493453336,0.0,1.631392877654478,inf
sus_3,35,0.592871931097765,0.35930088980296504,0.0,1.6500708679649714,inf
sus_3,36,0.5843161916322033,0.3525847056151041,0.0,1.6572363529292355,inf
sus_3,37,0.6200160104253665,0.3575021911767495,0.0,1.7342998888609045,inf
sus_3,38,0.6083831607973689,0.3561976761761763,0.0,1.70799306533505,inf
sus_3,39,0.5620828689157489,0.35856626347240456,0.0,1.5675843663384887,inf
sus_3,40,0.607031593704126,0.35764876221589925,0.0,1.6972842012457003,inf
sus_3,41,0.563026794932156,0.35784039786940436,0.0,1.5734019922972349,inf
sus_3,42,0.6083981647467244,0.3545207956752732,0.0,1.716114180517615,inf
sus_3,43,0.5607158124036375,0.3559354496369237,0.0,1.5753300576708573,inf
sus_3,44,0.5974952218643297,0.3562478429555534,0.0,1.677189725297158,inf
sus_3,45,0.543896214844916,0.35570999028815703,0.0,1.5290439675430854,inf
sus_3,46,0.5889086614449174,0.3530788222546639,0.0,1.6679240564027862,inf
sus_3,47,0.5904050967590604,0.35626243256995843,0.0,1.6572196302037092,inf
sus_3,48,0.5787841082942027,0.3562169948004056,0.0,1.6248076783043583,inf
sus_3,49,0.5751336834507017,0.35426221895392396,0.0,1.623468867634188,inf
sus_3,50,0.620767329938523,0.35311468319289885,0.0,1.7579765427069804,inf
sus_3,51,0.6205634621737165,0.355257576213587,0.0,1.7467986715098878,inf
sus_3,52,0.5789910013331949,0.35549204590706546,0.0,1.6287031116430597,inf
sus_3,53,0.6157411937306242,0.35471141218617597,0.0,1.7358933842462405,inf
sus_3,54,0.5844291854545539,0.3547735729917223,0.0,1.6473300999457194,inf
sus_3,55,0.5889263839118521,0.3532181201684945,0.0,1.6673164548605788,inf
sus_3,56,0.5870850870653355,0.3588656796199713,0.0,1.6359465961945487,inf
sus_3,57,0.6118140385216807,0.3553705141382795,0.0,1.7216229658367646,inf
sus_3,58,0.596036791449873,0.3572265378621233,0.0,1.668512073646449,inf
sus_3,59,0.5993847649843803,0.3580456869565883,0.0,1.6740454830756095,inf
sus_3,60,0.5620658627576998,0.3556505002528875,0.0,1.5803882248388215,inf
sus_3,61,0.6018664691373726,0.3556904077050386,0.0,1.6921076759440727,inf
sus_3,62,0.5887858707354157,0.3521992346713469,0.0,1.6717409147264006,inf
sus_3,63,0.5645829720439611,0.3529273566765911,0.0,1.5997143926740796,inf
sus_3,64,0.6117961504730154,0.3574640435095334,0.0,1.711490040974426,inf
sus_3,65,0.6007782554678821,0.35545345840028625,0.0,1.6901741740583338,inf
sus_3,66,0.5621768751921219,0.35324082978532706,0.0,1.5914832821952385,inf
sus_3,67,0.5965662228700823,0.35243830068762405,0.0,1.6926827240573825,inf
sus_3,68,0.5686318632980228,0.35557807557963417,0.0,1.5991758276184096,inf
sus_3,69,0.5825958172520255,0.35548442000404185,0.0,1.638878624400477,inf
sus_3,70,0.5815724369007923,0.3505188543342679,0.0,1.6591759036909983,inf
sus_3,71,0.6014048703987134,0.35531608351373506,0.0,1.6925911837465852,inf
sus_3,72,0.6140952901469939,0.35901821909590254,0.0,1.7104850324683776,inf
sus_3,73,0.5271524809687977,0.35493117851635303,0.0,1.4852244966822767,inf
sus_3,74,0.6013415026391994,0.3545062349124533,0.0,1.6962790592038615,inf
sus_3,75,0.6141981736501972,0.35281592816134366,0.0,1.7408459330365684,inf
sus_3,76,0.5665152934470967,0.3530006155261532,0.0,1.6048563898470727,inf
sus_3,77,0.5466439683028027,0.3578210522792967,0.0,1.5277020868971134,inf
sus_3,78,0.5522266652193785,0.3573990864910311,0.0,1.5451261239674057,inf
sus_3,79,0.5672136124554173,0.3548377979058732,0.0,1.5985151970926177,inf
sus_3,80,0.6027184890592839,0.35559787736713994,0.0,1.694944001133624,inf
sus_3,81,0.6047199435552644,0.35242733062841775,0.0,1.7158713045239153,inf
sus_3,82,0.6089375951546026,0.3534270503926671,0.0,1.7229512978082926,inf
sus_3,83,0.5759431061445337,0.3531869030125737,0.0,1.6307034638938174,inf
sus_3,84,0.5786826541481697,0.35797105171089405,0.0,1.6165627119355102,inf
sus_3,85,0.6064490229523538,0.35767928803519694,0.0,1.6955105963325363,inf
sus_3,86,0.5753342654352914,0.3556322190687685,0.0,1.617778802330728,inf
sus_3,87,0.5567366008104664,0.3510916266760975,0.0,1.5857302154462611,inf
sus_3,88,0.5691432505343168,0.3530517377219367,0.0,1.6120675519307983,inf
sus_3,89,0.5770513645599642,0.3539580329050575,0.0,1.630281872186659,inf
sus_3,90,0.5858082586792579,0.3508168878779738,0.0,1.669840531972971,inf
sus_3,91,0.6071592819689727,0.35030857566492146,0.0,1.7332127277116252,inf
sus_3,92,0.6153407435416591,0.3528242376742326,0.0,1.7440432879495416,inf
sus_3,93,0.5719702234731899,0.349987525287677,0.0,1.6342588868076118,inf
sus_3,94,0.5900546327828395,0.353832714115951,0.0,1.6676090402129369,inf
sus_3,95,0.6096261625581778,0.35503278815305245,0.0,1.7170982030408182,inf
sus_3,96,0.6020577523227169,0.3540603951550318,0.0,1.7004380059483775,inf
sus_3,97,0.5939177344342599,0.35296647636906786,0.0,1.68264629701901,inf
sus_3,98,0.5960859702403981,0.3518598680868555,0.0,1.6941004766512793,inf
sus_3,99,0.5682101296284956,0.3522847293800456,0.0,1.6129286405017833,inf
sus_3,100,0.5782593711013728,0.35368767478340046,0.0,1.6349435174847438,inf
sus_3,101,0.5857685857759031,0.3541253469026847,0.0,1.6541278134967137,inf
sus_3,102,0.5586270518304555,0.3513735439682371,0.0,1.5898381122312195,inf
sus_3,103,0.6077098265144478,0.3537340102964871,0.0,1.7179852907134583,inf
sus_3,104,0.5940430046997797,0.35466819391264887,0.0,1.6749260714539471,inf
sus_3,105,0.5898573029805305,0.35338735561319173,0.0,1.6691522591605468,inf
sus_3,106,0.5769582303825078,0.3545690908936509,0.0,1.627209605124774,inf
sus_3,107,0.5710108811746669,0.35398177870948183,0.0,1.6131081188879615,inf
sus_3,108,0.5912850026262743,0.3527621260037929,0.0,1.6761578384974263,inf
sus_3,109,0.5940251716359751,0.3522267936171576,0.0,1.6864849080210322,inf
sus_3,110,0.5966715856686551,0.35096433430116025,0.0,1.7000917966685898,inf
sus_3,111,0.5717460682768698,0.35412557033006,0.0,1.6145291845036165,inf
sus_3,112,0.5949758560494861,0.35205128451912715,0.0,1.6900260905514768,inf
sus_3,113,0.5860272801120674,0.35617268498259885,0.0,1.6453459370156314,inf
sus_3,114,0.5870084307576894,0.3550876962121521,0.0,1.6531364984467753,inf
sus_3,115,0.5803841507801959,0.3552725449809591,0.0,1.633630740622813,inf
sus_3,116,0.5857820757941375,0.35259765269610444,0.0,1.6613328855566978,inf
sus_3,117,0.5855978477527473,0.3554102270848468,0.0,1.6476674083240377,inf
sus_3,118,0.5995716461370402,0.3570247401403722,0.0,1.679356018580968,inf
sus_3,119,0.6016066948318224,0.35298558519487705,0.0,1.7043378541922216,inf
sus_3,120,0.6018410343028209,0.3536954918618717,0.0,1.7015796020885026,inf
sus_3,121,0.6063123912046741,0.3546190483819348,0.0,1.7097569743395689,inf
sus_3,122,0.5829944146851006,0.3539795300322054,0.0,1.646972113421528,inf
sus_3,123,0.5858219349995833,0.35450410543020927,0.0,1.6525110034724642,inf
sus_3,124,0.581696960369214,0.35341663591403627,0.0,1.6459241055950287,inf
sus_3,125,0.5738166813442512,0.3525317448629621,0.0,1.6277021564889371,inf
sus_3,126,0.5466743130347643,0.35668614340172017,0.0,1.5326480244540048,inf
sus_3,127,0.6018171157910007,0.3527252414975513,0.0,1.706192370117574,inf
sus_3,128,0.5692649844978241,0.35543349255347767,0.0,1.6016076043035643,inf
sus_3,129,0.5847020023419502,0.35405643030613126,0.0,1.6514373198543342,inf
sus_3,130,0.6221683497274842,0.35167561314670437,0.0,1.769154091068412,inf
sus_3,131,0.5844787932953557,0.35132770116607714,0.0,1.6636285478071795,inf
sus_3,132,0.5586999921684188,0.3519586584341739,0.0,1.5874023234831467,inf
sus_3,133,0.5973087238157321,0.35225677551012285,0.0,1.6956628384244297,inf
sus_3,134,0.5658556472852778,0.3502326241159535,0.0,1.6156565902836533,inf
sus_3,135,0.5854684676866286,0.3541573244826746,0.0,1.6531310443510812,inf
sus_3,136,0.5715515156876576,0.3536603552072103,0.0,1.6161028717872108,inf
sus_3,137,0.5563358442693511,0.3497043286071901,0.0,1.5908749156326931,inf
sus_3,138,0.6015861288340036,0.354393424229509,0.0,1.6975092868664798,inf
sus_3,139,0.586918619019365,0.3507470446233786,0.0,1.6733387437364733,inf
sus_3,140,0.6047085734667993,0.3529276484599414,0.0,1.7134066319415493,inf
sus_3,141,0.5996756405557454,0.3515848064864286,0.0,1.7056358224026194,inf
sus_3,142,0.5968695463681725,0.35115754042622105,0.0,1.6997201473837524,inf
sus_3,143,0.5634137465035594,0.3521270487326734,0.0,1.6000297294153334,inf
sus_3,144,0.5731412137450042,0.35115259089793976,0.0,1.6321713938644524,inf
sus_3,145,0.5845005259142316,0.3493196643823992,0.0,1.6732540005946548,inf
sus_3,146,0.5630808887946094,0.35179965282103887,0.0,1.6005726108008687,inf
sus_3,147,0.6099263553713761,0.35399057018477487,0.0,1.7230017032742106,inf
sus_3,148,0.5718098821196749,0.3511266388917111,0.0,1.628500429145803,inf
sus_3,149,0.5709075920123354,0.34837969096872956,0.0,1.6387510719262333,inf
sus_3,150,0.6086564724038991,0.3513901252941136,0.0,1.7321388069583727,inf
sus_4,1,0.46696736061725497,0.3927921001933463,0.0,1.188841018919161,inf
sus_4,2,0.5586292856657045,0.3383942754532741,0.0,1.650823687597637,inf
sus_4,3,0.5288748308956088,0.33030472760548235,0.0,1.6011724528729714,inf
sus_4,4,0.5477089145189443,0.3102137739553101,0.0,1.7655854140050151,inf
sus_4,5,0.5410380964686844,0.3056026162063824,0.0,1.7703974631660402,inf
sus_4,6,0.610859127633502,0.31417375713555873,0.0,1.9443353041416835,inf
sus_4,7,0.5796855165442896,0.3201658048853128,0.0,1.8105791052606002,inf
sus_4,8,0.6356107859843527,0.32120301055150485,0.0,1.978844422700181,inf
sus_4,9,0.6220092999680306,0.33242513196168116,0.0,1.8711259774418316,inf
sus_4,10,0.6492170768996987,0.33465448071450343,0.0,1.9399623023531283,inf
sus_4,11,0.5600959175004496,0.3336873298465308,0.0,1.6785051975394105,inf
sus_4,12,0.5820142510848513,0.3365662384944408,0.0,1.729271045391752,inf
sus_4,13,0.6264793664116232,0.34067509817959246,0.0,1.8389350139157055,inf
sus_4,14,0.5779367814154758,0.3413412174542384,0.0,1.6931350562519054,inf
sus_4,15,0.6150830890520772,0.33991378676026096,0.0,1.809526747692324,inf
sus_4,16,0.6092527939634791,0.3462757643322375,0.0,1.759443936650807,inf
sus_4,17,0.6384792560961051,0.34881306739810936,0.0,1.830433879265745,inf
sus_4,18,0.6019038868708337,0.3458133098062177,0.0,1.7405457505615405,inf
sus_4,19,0.6138818770624022,0.3457547864646894,0.0,1.7754833804017218,inf
sus_4,20,0.6254688019465297,0.3509991416037792,0.0,1.781966756638345,inf
sus_4,21,0.609451040006174,0.3496440139719019,0.0,1.7430615587634533,inf
sus_4,22,0.6338284101927923,0.3501431557518413,0.0,1.8101979141411768,inf
sus_4,23,0.5924169569386731,0.3489501069919383,0.0,1.6977124954782135,inf
sus_4,24,0.6453784488751159,0.3525575067532732,0.0,1.8305622104559658,inf
sus_4,25,0.6380919642547631,0.352926473320215,0.0,1.8080025514997669,inf
sus_4,26,0.633070063607092,0.3514241594443741,0.0,1.8014414962477807,inf
sus_4,27,0.6508896313632049,0.359726145332806,0.0,1.809403180191489,inf
sus_4,28,0.6295151751633996,0.3530437729211307,0.0,1.7831079980669482,inf
sus_4,29,0.6321639511670918,0.35282307484510766,0.0,1.7917307461951493,inf
sus_4,30,0.6051632625387912,0.3531038925627958,0.0,1.7138391144503435,inf
sus_4,31,0.6110255108986463,0.35616024559484577,0.0,1.7155915587325978,inf
sus_4,32,0.6198709047176257,0.3521329246495454,0.0,1.7603321397297407,inf
sus_4,33,0.6326586381735216,0.35632051078503646,0.0,1.7755324743435732,inf
sus_4,34,0.6089411459262972,0.35530699075367544,0.0,1.7138451023285928,inf
sus_4,35,0.6230156480775625,0.360906865065244,0.0,1.7262504772940104,inf
sus_4,36,0.6179603006980996,0.35439553393721235,0.0,1.7437022804231572,inf
sus_4,37,0.6529418870301527,0.35940695658697525,0.0,1.816720224980239,inf
sus_4,38,0.6387494967980633,0.3578934407728016,0.0,1.7847477042854079,inf
sus_4,39,0.5927547607738216,0.36006910963011113,0.0,1.6462249743743413,inf
sus_4,40,0.6382306623189307,0.3591695877767387,0.0,1.7769618699333127,inf
sus_4,41,0.593867066403119,0.3594255666958565,0.0,1.652267176935817,inf
sus_4,42,0.6391935764608522,0.3560196538083877,0.0,1.7953884557307915,inf
sus_4,43,0.5915050623679309,0.35769096954697904,0.0,1.6536762533230316,inf
sus_4,44,0.6296638206452538,0.3581930411904847,0.0,1.7578895964938717,inf
sus_4,45,0.5721802362699223,0.35741570648427196,0.0,1.6008816229655567,inf
sus_4,46,0.6151388754213033,0.35473635485274935,0.0,1.7340733956536447,inf
sus_4,47,0.6189744202440834,0.3581624778733578,0.0,1.7281944884883944,inf
sus_4,48,0.6087322396449718,0.3579825977586524,0.0,1.7004520427983816,inf
sus_4,49,0.6038041335640035,0.35607245034708374,0.0,1.695733924305129,inf
sus_4,50,0.6496616723416947,0.354923249558232,0.0,1.830428615624137,inf
sus_4,51,0.6480641909541298,0.35714279120073095,0.0,1.8145800697119137,inf
sus_4,52,0.6070650559073499,0.35728464958089295,0.0,1.6991075788435297,inf
sus_4,53,0.6442541186482778,0.3563972032127835,0.0,1.8076856744120746,inf
sus_4,54,0.6094815641037831,0.35656386119142797,0.0,1.7093195089015807,inf
sus_4,55,0.6169702831728624,0.35508839197424846,0.0,1.7375118340044358,inf
sus_4,56,0.6102600555076443,0.3605563935121648,0.0,1.6925509198800401,inf
sus_4,57,0.6405859366451588,0.3572956919889786,0.0,1.7928733847284082,inf
sus_4,58,0.6207217154905981,0.358790653483202,0.0,1.730038699348837,inf
sus_4,59,0.62484620165153,0.3597233840281436,0.0,1.7370185798169966,inf
sus_4,60,0.5829442314519944,0.35720144995754866,0.0,1.6319761062595741,inf
sus_4,61,0.6261732119597676,0.35761066420955884,0.0,1.7509914402128453,inf
sus_4,62,0.6140161019930495,0.3537207247452056,0.0,1.7358782198451659,inf
sus_4,63,0.5885780206603212,0.35476779651623014,0.0,1.659051431499912,inf
sus_4,64,0.6332315370982237,0.35918703643187183,0.0,1.7629576595767,inf
sus_4,65,0.624749109434194,0.357129896855964,0.0,1.7493609886325618,inf
sus_4,66,0.5881481859233295,0.35498046676381223,0.0,1.6568466183088784,inf
sus_4,67,0.6176934935600246,0.3540958515789285,0.0,1.7444245415632602,inf
sus_4,68,0.5901571741789146,0.3570521429163445,0.0,1.6528599138450917,inf
sus_4,69,0.6075603046558881,0.3571307158955657,0.0,1.701226687075425,inf
sus_4,70,0.6034765254835541,0.35211991932143577,0.0,1.7138380772280744,inf
sus_4,71,0.6227875346357236,0.3567020255191964,0.0,1.745960185477577,inf
sus_4,72,0.6370439804649487,0.36059325791131613,0.0,1.7666552729103508,inf
sus_4,73,0.5499241462207027,0.3564644177319418,0.0,1.5427182037401583,inf
sus_4,74,0.6243914347487609,0.35610299192573014,0.0,1.7534012600460986,inf
sus_4,75,0.6348402179021319,0.35426480490009976,0.0,1.791993472456719,inf
sus_4,76,0.5877017153852728,0.3545840862845882,0.0,1.6574396260795106,inf
sus_4,77,0.5692445825238871,0.359294682942872,0.0,1.5843390107011333,inf
sus_4,78,0.57165046309074,0.35887106781932604,0.0,1.5929132057492523,inf
sus_4,79,0.5872021366749369,0.35647752462482013,0.0,1.6472346672990008,inf
sus_4,80,0.6228889460987742,0.35726266467763895,0.0,1.7435041712539765,inf
sus_4,81,0.6269251930853127,0.35389584179714173,0.0,1.7714963529994663,inf
sus_4,82,0.6318055729357979,0.354946413905449,0.0,1.780002693882967,inf
sus_4,83,0.5948690583105724,0.354918472779121,0.0,1.6760724051711493,inf
sus_4,84,0.5975297103957815,0.35942521821059387,0.0,1.6624590599696814,inf
sus_4,85,0.6291845544508092,0.3593245968270631,0.0,1.7510199969795701,inf
sus_4,86,0.5941889361074097,0.35728713351715446,0.0,1.6630571894884116,inf
sus_4,87,0.5758545339249795,0.352514922651905,0.0,1.6335607287003107,inf
sus_4,88,0.5892487878034605,0.35443546476211996,0.0,1.662499513695493,inf
sus_4,89,0.5942250140523331,0.355505619736888,0.0,1.6714926039484914,inf
sus_4,90,0.6064390101301067,0.3523263426799213,0.0,1.7212423161927455,inf
sus_4,91,0.6278431116332737,0.3520163254723559,0.0,1.7835624833331165,inf
sus_4,92,0.6334918153349254,0.35429276167854057,0.0,1.7880461693138108,inf
sus_4,93,0.5914313160910075,0.35147299576645297,0.0,1.6827219251973549,inf
sus_4,94,0.6105854074182061,0.35561317631297396,0.0,1.716993205225984,inf
sus_4,95,0.6295871365142227,0.35654932987368654,0.0,1.7657784877544556,inf
sus_4,96,0.6200618711557998,0.3555334463004456,0.0,1.7440324605404718,inf
sus_4,97,0.6111959881449482,0.3543388012000451,0.0,1.724891505178097,inf
sus_4,98,0.6154365580121803,0.353377969671838,0.0,1.7415815665693626,inf
sus_4,99,0.5860717097771984,0.3535007648706132,0.0,1.6579078972904338,inf
sus_4,100,0.5978902746690664,0.3551331375512377,0.0,1.6835665598308305,inf
sus_4,101,0.6048004313587804,0.3555483279639069,0.0,1.7010357911742902,inf
sus_4,102,0.5750408064622062,0.3525419812224898,0.0,1.631127176593749,inf
sus_4,103,0.6250864484361894,0.35540994585016267,0.0,1.7587759029673293,inf
sus_4,104,0.607727539620898,0.35594542545546,0.0,1.7073615676989333,inf
sus_4,105,0.6104804800466391,0.35509401445839894,0.0,1.7192080271411052,inf
sus_4,106,0.5942288327428291,0.3561918681260448,0.0,1.6682829843059492,inf
sus_4,107,0.5899275950683037,0.3553359208332115,0.0,1.6601969023706034,inf
sus_4,108,0.6063291179834684,0.3541957014134464,0.0,1.7118477597663195,inf
sus_4,109,0.6085235591390208,0.3535301306367057,0.0,1.721277782018391,inf
sus_4,110,0.6151161239706363,0.35241175966097177,0.0,1.745447213686604,inf
sus_4,111,0.5863355177661302,0.3555078966539735,0.0,1.6492897156004054,inf
sus_4,112,0.6125666210552821,0.3535620158409468,0.0,1.7325577794274456,inf
sus_4,113,0.6022408489324914,0.3576062712414376,0.0,1.6840891711484807,inf
sus_4,114,0.6058511338912208,0.3564968817537185,0.0,1.6994570356712562,inf
sus_4,115,0.6016197128598558,0.35697531867116405,0.0,1.6853257953501584,inf
sus_4,116,0.6017128602482302,0.35423500750139764,0.0,1.6986261874353459,inf
sus_4,117,0.5980124579619349,0.3567722260939932,0.0,1.6761743606252182,inf
sus_4,118,0.6150778459191203,0.35827847947556885,0.0,1.7167591165940033,inf
sus_4,119,0.6187823763762318,0.3541115054160498,0.0,1.747422399193771,inf
sus_4,120,0.618104909584604,0.35513995739838916,0.0,1.7404544228494847,inf
sus_4,121,0.6241533820209155,0.35613289747492416,0.0,1.7525855837703481,inf
sus_4,122,0.5984635638683581,0.3554679495815826,0.0,1.6835935970396287,inf
sus_4,123,0.6040368574277808,0.3558245666474158,0.0,1.6975692912915619,inf
sus_4,124,0.6014421513313157,0.3548723911965974,0.0,1.6948124628780152,inf
sus_4,125,0.5910819249615317,0.3541942629835692,0.0,1.668807168084909,inf
sus_4,126,0.5639289371373211,0.3580612269389519,0.0,1.574951138827072,inf
sus_4,127,0.6209297852950525,0.3545140614046608,0.0,1.7514955058053139,inf
sus_4,128,0.5841993425427865,0.3568829818216895,0.0,1.6369492867403572,inf
sus_4,129,0.5985506630060359,0.3554375346196134,0.0,1.683982710623402,inf
sus_4,130,0.6368485029147682,0.3531839270627231,0.0,1.8031638874712104,inf
sus_4,131,0.6002507426388455,0.35280610348154534,0.0,1.701361560118938,inf
sus_4,132,0.5750603281509374,0.35321280200569966,0.0,1.6280846132571885,inf
sus_4,133,0.607911910702155,0.35318959789822774,0.0,1.721205591330371,inf
sus_4,134,0.5827000761146331,0.3516493392538512,0.0,1.6570486876245467,inf
sus_4,135,0.5983111073367822,0.35529733864039903,0.0,1.6839729496041638,inf
sus_4,136,0.586203298389477,0.3547277426027899,0.0,1.6525442698342439,inf
sus_4,137,0.5766745325951979,0.3511088576008886,0.0,1.6424380077893495,inf
sus_4,138,0.6145262968378432,0.35569761803285616,0.0,1.7276649200981682,inf
sus_4,139,0.6007457529843242,0.35229195805522806,0.0,1.7052496920470337,inf
sus_4,140,0.6178996813293263,0.3541269976746229,0.0,1.7448533587858828,inf
sus_4,141,0.6144685909579142,0.35287071448710483,0.0,1.7413419865432587,inf
sus_4,142,0.6098966437934008,0.35223669683098213,0.0,1.7314966023714862,inf
sus_4,143,0.5765258902462804,0.35326829365854173,0.0,1.63197745338429,inf
sus_4,144,0.5848288732366235,0.3521686862296443,0.0,1.660649842261287,inf
sus_4,145,0.5974915803282107,0.3503874463574578,0.0,1.705231127826031,inf
sus_4,146,0.5775913367450083,0.3528694910138867,0.0,1.6368412442952682,inf
sus_4,147,0.6266167466138414,0.355340628729275,0.0,1.7634255583288359,inf
sus_4,148,0.5863680471093873,0.3524495156889985,0.0,1.6636937235198204,inf
sus_4,149,0.5846314588610755,0.3496167668207501,0.0,1.6722065825888104,inf
sus_4,150,0.6243950473973201,0.3525677248302093,0.0,1.7709932118659422,inf
sus_4b,1,0.39794604118402566,0.40749437765309365,0.0,0.9765681761695455,inf
sus_4b,2,0.5080771670521903,0.3410302956085844,0.0,1.4898300051187623,inf
sus_4b,3,0.48873589437156945,0.3326986420707318,0.0,1.4690047766039998,inf
sus_4b,4,0.4966776829894042,0.3116313327687141,0.0,1.593798924442644,inf
sus_4b,5,0.49098930598931795,0.3067949270277508,0.0,1.6003827401777933,inf
sus_4b,6,0.5535468511122699,0.31505497342857813,0.0,1.7569849638883959,inf
sus_4b,7,0.522435157411372,0.3210886788398333,0.0,1.6270743624441995,inf
sus_4b,8,0.5776909548435094,0.32208487736707714,0.0,1.7935985059774178,inf
sus_4b,9,0.561018834139934,0.33329709562434695,0.0,1.683239492648469,inf
sus_4b,10,0.5893271943122138,0.3354522175324015,0.0,1.7568141258606835,inf
sus_4b,11,0.5058540509573811,0.33451697339839936,0.0,1.5121924780627636,inf
sus_4b,12,0.5290409502549178,0.33736517207953426,0.0,1.568155204029762,inf
sus_4b,13,0.5702847422192652,0.34148130851655073,0.0,1.6700320866658063,inf
sus_4b,14,0.5252303095479304,0.3422263308783992,0.0,1.534745465668323,inf
sus_4b,15,0.5594488689169415,0.3407710773710931,0.0,1.641714646773595,inf
sus_4b,16,0.5570172112175276,0.3472184175255263,0.0,1.6042271466679259,inf
sus_4b,17,0.5870432727931103,0.34974425787727287,0.0,1.678492954698078,inf
sus_4b,18,0.5516585494513454,0.34673057036904875,0.0,1.5910294522463881,inf
sus_4b,19,0.5630373219431434,0.34674463691754076,0.0,1.6237809096295817,inf
sus_4b,20,0.5721647116453978,0.351904511809718,0.0,1.6259089964574795,inf
sus_4b,21,0.5607996594758837,0.3505635993760727,0.0,1.5997087560544956,inf
sus_4b,22,0.5846360766417192,0.35116502405005967,0.0,1.6648471134710088,inf
sus_4b,23,0.5450845584369272,0.3499234696694875,0.0,1.557725061859311,inf
sus_4b,24,0.5942998098746523,0.3535351443741946,0.0,1.681020456754431,inf
sus_4b,25,0.5882165559432586,0.35395869573953237,0.0,1.6618225884076305,inf
sus_4b,26,0.5840170154497148,0.352433771494518,0.0,1.6570971986400544,inf
sus_4b,27,0.5986663201960712,0.3606953155578535,0.0,1.6597562939517814,inf
sus_4b,28,0.5799785449992358,0.35408172427793294,0.0,1.6379793285913493,inf
sus_4b,29,0.5855419289155495,0.35388450079906064,0.0,1.6546130943667023,inf
sus_4b,30,0.5566077528726534,0.35411501462227957,0.0,1.5718275980654612,inf
sus_4b,31,0.5627323874648774,0.35722662173245934,0.0,1.575281217104612,inf
sus_4b,32,0.5717006378864742,0.3531974365245249,0.0,1.6186432254775924,inf
sus_4b,33,0.5865058840800504,0.35739152314487055,0.0,1.6410738534565275,inf
sus_4b,34,0.5635157826585097,0.3564028926843425,0.0,1.5811201149750547,inf
sus_4b,35,0.573984950431165,0.361925596089131,0.0,1.585919748792264,inf
sus_4b,36,0.5725182604061773,0.35540683333640605,0.0,1.6108814088677552,inf
sus_4b,37,0.6052612820212333,0.3605493630163483,0.0,1.6787195987745762,inf
sus_4b,38,0.5950241035858964,0.35900569395139137,0.0,1.6574224688103734,inf
sus_4b,39,0.5477770562199661,0.3611130652937819,0.0,1.5169128698634167,inf
sus_4b,40,0.5933634430383088,0.36027948309231655,0.0,1.64695318741275,inf
sus_4b,41,0.5476071035485095,0.36042804062271927,0.0,1.5193243638935443,inf
sus_4b,42,0.5922431138484875,0.35715862942712095,0.0,1.6582074883601154,inf
sus_4b,43,0.5464648056838138,0.3587631030359144,0.0,1.5231912118596804,inf
sus_4b,44,0.5850193598093106,0.35928890724375484,0.0,1.6282700300914437,inf
sus_4b,45,0.5306554455622794,0.3583909741141699,0.0,1.4806607417329447,inf
sus_4b,46,0.5709785119478114,0.3559218351756641,0.0,1.6042244546924374,inf
sus_4b,47,0.5756429033293589,0.35923946091031633,0.0,1.6023932946304786,inf
sus_4b,48,0.5673408303817005,0.35900010590191306,0.0,1.5803361086938252,inf
sus_4b,49,0.5623797603198853,0.3571160031197666,0.0,1.5747817387261671,inf
sus_4b,50,0.6045450574175038,0.35604896235383093,0.0,1.697926749795509,inf
sus_4b,51,0.6012563536913846,0.35825811259558527,0.0,1.678277009096245,inf
sus_4b,52,0.5655109624819479,0.358397045233578,0.0,1.577889578061079,inf
sus_4b,53,0.5972028090075786,0.3575473355610863,0.0,1.6702762113173337,inf
sus_4b,54,0.5657977076217487,0.3576515580823522,0.0,1.581980267765167,inf
sus_4b,55,0.572075946628746,0.3561564805980056,0.0,1.6062488759665419,inf
sus_4b,56,0.5693997184505291,0.36164908273521035,0.0,1.5744536503288413,inf
sus_4b,57,0.5959545518647105,0.35840212847319014,0.0,1.6628097450299886,inf
sus_4b,58,0.5789814494262728,0.3599189997718182,0.0,1.6086437498251998,inf
sus_4b,59,0.5830589738596034,0.3608404743541732,0.0,1.615835847968977,inf
sus_4b,60,0.5397757344235931,0.3582451332775723,0.0,1.5067217507889181,inf
sus_4b,61,0.5808613172915446,0.35867253188820364,0.0,1.6194753309757102,inf
sus_4b,62,0.5686229309544673,0.35485805199376164,0.0,1.6023954585775149,inf
sus_4b,63,0.545046882964092,0.3557758180806739,0.0,1.5319953050898474,inf
sus_4b,64,0.5899066315753461,0.36028464345453304,0.0,1.637334930290446,inf
sus_4b,65,0.5799698338317373,0.3581944004221609,0.0,1.6191482422622918,inf
sus_4b,66,0.546525345205102,0.3560533201883808,0.0,1.5349536550198328,inf
sus_4b,67,0.5765777625145009,0.3551741606211479,0.0,1.6233662986804847,inf
sus_4b,68,0.546970891503327,0.35807837085128225,0.0,1.5275172588698354,inf
sus_4b,69,0.5646280301428411,0.35818614080301925,0.0,1.5763536491864225,inf
sus_4b,70,0.5606913225465526,0.35319237061704734,0.0,1.587495566699226,inf
sus_4b,71,0.5771441195723679,0.3578390773343196,0.0,1.6128594000178393,inf
sus_4b,72,0.5920186096117698,0.3615995705171563,0.0,1.6372215508029235,inf
sus_4b,73,0.5090178349171673,0.3574644413750655,0.0,1.4239677461599214,inf
sus_4b,74,0.5774490639708453,0.35717867014164545,0.0,1.616695262743007,inf
sus_4b,75,0.5873050408459491,0.35532122818399453,0.0,1.6528847540227103,inf
sus_4b,76,0.5453834323043991,0.3556277027981219,0.0,1.5335797183775508,inf
sus_4b,77,0.5291605571265842,0.360312806710737,0.0,1.468614346398739,inf
sus_4b,78,0.5314504588750805,0.3599053523268168,0.0,1.4766394982436657,inf
sus_4b,79,0.5448778929037045,0.3574834988953846,0.0,1.5242043187653809,inf
sus_4b,80,0.5775779787579375,0.3582871126429172,0.0,1.6120534576234509,inf
sus_4b,81,0.5825862312723971,0.35493202310783073,0.0,1.6414022780226947,inf
sus_4b,82,0.5867805226233157,0.35605710224843085,0.0,1.6479955572235792,inf
sus_4b,83,0.5543467792416473,0.35591018595701746,0.0,1.5575468225250362,inf
sus_4b,84,0.5572995160258608,0.36050217207726426,0.0,1.5458978036515634,inf
sus_4b,85,0.5860625775771156,0.3604433675286429,0.0,1.6259491237012251,inf
sus_4b,86,0.5519424822630038,0.35835548241568116,0.0,1.5402093991763401,inf
sus_4b,87,0.5360492462060067,0.3534930185773076,0.0,1.5164351713746074,inf
sus_4b,88,0.5466739265088298,0.3554756001299204,0.0,1.5378662454160839,inf
sus_4b,89,0.5506876049418558,0.3565893780382695,0.0,1.5443185884318613,inf
sus_4b,90,0.5640474549951382,0.3533606681012024,0.0,1.5962372327007122,inf
sus_4b,91,0.5828709574072392,0.3530891292613607,0.0,1.6507757081804442,inf
sus_4b,92,0.5885756255427824,0.35546233553527423,0.0,1.655803067451503,inf
sus_4b,93,0.5496707931881806,0.35255373791565836,0.0,1.5591120844098911,inf
sus_4b,94,0.5666119312786573,0.35669485605576084,0.0,1.5885060343849782,inf
sus_4b,95,0.5847436323504821,0.3576527358184069,0.0,1.6349480202141593,inf
sus_4b,96,0.5778696859042652,0.35665313159412737,0.0,1.6202568678462723,inf
sus_4b,97,0.5685525814818385,0.3553615550689618,0.0,1.5999270978299966,inf
sus_4b,98,0.5706894680216068,0.35441045065570914,0.0,1.6102501124494244,inf
sus_4b,99,0.5425012533878583,0.35460522351922674,0.0,1.5298738354835424,inf
sus_4b,100,0.5585016662356702,0.3561567490487564,0.0,1.5681344456544712,inf
sus_4b,101,0.5634716443111254,0.3566150377515163,0.0,1.5800557594650382,inf
sus_4b,102,0.529971225905377,0.35355167135072296,0.0,1.498992279913863,inf
sus_4b,103,0.5826819702846139,0.3564335738702866,0.0,1.6347561312971701,inf
sus_4b,104,0.5637988676952811,0.3569987632110691,0.0,1.5792740081901773,inf
sus_4b,105,0.5701432534765415,0.35612083572352876,0.0,1.600982577495598,inf
sus_4b,106,0.5524878385885039,0.3571797009163147,0.0,1.546806375533499,inf
sus_4b,107,0.5492145132779999,0.3563802298843243,0.0,1.5410914164802765,inf
sus_4b,108,0.5615964231388915,0.3553095403548403,0.0,1.5805835739114595,inf
sus_4b,109,0.5658496362360043,0.35456375703720766,0.0,1.5959037690832694,inf
sus_4b,110,0.5713689934915618,0.35346442568606085,0.0,1.6164823160988735,inf
sus_4b,111,0.5432438027411894,0.35649687791749834,0.0,1.5238388787991257,inf
sus_4b,112,0.5695445081560367,0.35461970920336555,0.0,1.6060712176305383,inf
sus_4b,113,0.5569371825651788,0.3586704305373168,0.0,1.5527825411502214,inf
sus_4b,114,0.5643153695679561,0.35759426773736247,0.0,1.578088410473127,inf
sus_4b,115,0.5610355152012161,0.35801339616033045,0.0,1.5670796713706363,inf
sus_4b,116,0.5595972285151245,0.3552381123972862,0.0,1.5752736234824096,inf
sus_4b,117,0.5550319561563964,0.357873455576744,0.0,1.5509168045501294,inf
sus_4b,118,0.5739571649841122,0.3593027683200837,0.0,1.597419267509802,inf
sus_4b,119,0.5778697693103395,0.35521786795274896,0.0,1.626803777188392,inf
sus_4b,120,0.5777615617877805,0.3562315140967691,0.0,1.621870999405273,inf
sus_4b,121,0.5806590589529297,0.35721508306509836,0.0,1.6255166326420523,inf
sus_4b,122,0.5582604946938742,0.3565375300060339,0.0,1.5657832562098761,inf
sus_4b,123,0.5615896320712482,0.3568568323713166,0.0,1.573711306967224,inf
sus_4b,124,0.5586670406251295,0.35591732251364344,0.0,1.5696539766021476,inf
sus_4b,125,0.5515415982200608,0.35521937121315184,0.0,1.552678831496226,inf
sus_4b,126,0.5242245816655131,0.35903277364863917,0.0,1.460102308594635,inf
sus_4b,127,0.577217924144834,0.35559148023621345,0.0,1.623261400305198,inf
sus_4b,128,0.5421848110022581,0.35790523515376227,0.0,1.514883711520247,inf
sus_4b,129,0.555378559069725,0.3565088223637494,0.0,1.5578255690487985,inf
sus_4b,130,0.5939235382628221,0.3543423533583696,0.0,1.6761291238085454,inf
sus_4b,131,0.5578761521282323,0.3538713855428534,0.0,1.5764941018681888,inf
sus_4b,132,0.5330954462055055,0.3542103774490893,0.0,1.505024923449984,inf
sus_4b,133,0.5635337393338034,0.3542290559752003,0.0,1.5908738423006623,inf
sus_4b,134,0.5412970974088938,0.3526866522508718,0.0,1.534781920308853,inf
sus_4b,135,0.5560732468230232,0.3563392154309268,0.0,1.5605165604648783,inf
sus_4b,136,0.5443662709653024,0.35583980922210373,0.0,1.5298071122377614,inf
sus_4b,137,0.5370388600340527,0.352111483732992,0.0,1.5251955271112148,inf
sus_4b,138,0.5718681996182184,0.35681146760712495,0.0,1.6027181061565163,inf
sus_4b,139,0.559694726229517,0.3532941120231808,0.0,1.5842175320283673,inf
sus_4b,140,0.5760115120268757,0.3551592523393917,0.0,1.6218400850681953,inf
sus_4b,141,0.568897870679144,0.35393071779237006,0.0,1.6073707143240454,inf
sus_4b,142,0.5673449570597892,0.35327349696287164,0.0,1.6059652420498898,inf
sus_4b,143,0.5359130223493109,0.35428875984676034,0.0,1.5126447211622183,inf
sus_4b,144,0.5414731970500113,0.35317216539394364,0.0,1.5331706462371644,inf
sus_4b,145,0.551377974982899,0.3514374203462723,0.0,1.5689222122095725,inf
sus_4b,146,0.5353154119834713,0.353913548214358,0.0,1.5125598177418234,inf
sus_4b,147,0.581103734057041,0.35640357614087353,0.0,1.6304654974262984,inf
sus_4b,148,0.5417531929379227,0.35345156550053186,0.0,1.5327508655131632,inf
sus_4b,149,0.5412195156926783,0.35059707295372794,0.0,1.5437080268040597,inf
sus_4b,150,0.5775329707832343,0.353592577640863,0.0,1.6333288855679067,inf
