score_type,round,emp_var_score,theo_var,ratio
surp2,1,0.26147312404055584,0.2763238671249293,0.9462560247187796
surp2,2,0.5255911922187219,0.39466727553140907,1.3317323852377352
surp2,3,0.4518090420603848,0.4449018139283837,1.01552528651437
surp2,4,0.36900927911035897,0.42666597107061516,0.8648669079102309
surp2,5,0.4591089614966607,0.41087880967567353,1.117382913611577
surp2,6,0.41471547331626013,0.404859820655351,1.0243433706139466
surp2,7,0.42631242488899496,0.39753108036057805,1.0724002372400945
surp2,8,0.34013641341141265,0.39573345017341255,0.8595088771554769
surp2,9,0.36790244315028225,0.39860980968919346,0.9229638463668154
surp2,10,0.34837405424689694,0.3973777545549277,0.8766823262089343
surp2,11,0.34739951638068367,0.3978883413330584,0.8731080564380943
surp2,12,0.3095131545714602,0.39686091170372967,0.7799033501251502
surp2,13,0.439400190218234,0.3976057873464088,1.1051151773990966
surp2,14,0.40575781912780357,0.3949625647006837,1.027332348409528
surp2,15,0.4052581736096821,0.39444447090184537,1.02741501911058
surp2,16,0.3545864384294853,0.39372740441673937,0.9005886673160666
surp2,17,0.3751639415222098,0.39434705968282224,0.9513547326153727
surp2,18,0.4752472142124803,0.3939811917058166,1.206268786981447
surp2,19,0.43911844844576436,0.3920963734275581,1.1199247894265307
surp2,20,0.33545262273638343,0.3911429085228492,0.8576216401397124
surp2,21,0.35158413125889953,0.39106584289255103,0.8990407565600163
surp2,22,0.3427825771250258,0.391018878432257,0.8766394566404854
surp2,23,0.3816255761736514,0.3905259429051534,0.9772092817565678
surp2,24,0.35822989826178325,0.389709108883677,0.9192238264277013
surp2,25,0.33844144135584586,0.3898232488919106,0.8681920391302475
surp2,26,0.4546871687305483,0.3897915169902384,1.1664881068767208
surp2,27,0.30084296479057826,0.38880959726165026,0.7737539580025473
surp2,28,0.4053135804853648,0.38837416974178707,1.0436162135984481
surp2,29,0.33392702565917076,0.3882890954515398,0.8599958885552745
surp2,30,0.3585125766318465,0.38795542535082583,0.924107650531361
surp2,31,0.3478552433168079,0.3871189049665855,0.8985746726753975
surp2,32,0.307945237737358,0.3872934716072405,0.7951211686047974
surp2,33,0.3553072584692922,0.3871801513549393,0.9176794244898461
surp2,34,0.36820843431537553,0.38668664938195274,0.9522139823132988
surp2,35,0.3952770361340124,0.3864235627581482,1.0229113186387273
surp2,36,0.42183758964265033,0.385979970389077,1.0929002072761134
surp2,37,0.3710923512079456,0.3855002016509749,0.9626255696331024
surp2,38,0.38794291141589293,0.38519722066389817,1.007128012884575
surp2,39,0.41853986163359175,0.3846416429500198,1.0881293518392565
surp2,40,0.366198383343714,0.384207480875174,0.9531266348837414
surp2,41,0.3161324073527561,0.3841665361516529,0.8229045937201575
surp2,42,0.3242256251696356,0.3836547368643288,0.8450974118541665
surp2,43,0.36324784558113893,0.3833019408346042,0.9476806842934336
surp2,44,0.33946813469810627,0.38321486096786467,0.8858428241554367
surp2,45,0.38030092292328627,0.38351282632582084,0.9916250430701219
surp2,46,0.3355770028665492,0.3838428475225427,0.8742562354163472
surp2,47,0.3993797809303042,0.3833559013109081,1.0417989642642815
surp2,48,0.36648845930951257,0.3825729593648151,0.9579570388821844
surp2,49,0.4172734141442977,0.3820527685359402,1.0921879083439863
surp2,50,0.3312039771117031,0.3820182540915975,0.8669846887271765
surp2,51,0.3344883642286576,0.3819979533601492,0.8756286814796115
surp2,52,0.30750610340065665,0.38211017234921946,0.8047576998803885
surp2,53,0.44755348141519324,0.38165491862282797,1.172665304642621
surp2,54,0.4328354479280384,0.38178952833624213,1.1337017277929113
surp2,55,0.38379728757343834,0.38171227762331683,1.0054622554011192
surp2,56,0.35957779726956,0.38163706707389056,0.9421983038139753
surp2,57,0.3984998786665628,0.38188157968807906,1.0435168907388974
surp2,58,0.42634722922703017,0.38177896503548947,1.1167383964891773
surp2,59,0.4081751924613808,0.38188532359512334,1.0688423127099016
surp2,60,0.41714308056671273,0.3819396419886271,1.0921701617428177
surp2,61,0.3576373236206789,0.381399109947437,0.9376983697470274
surp2,62,0.3415284979870923,0.3811685425952733,0.896003892823152
surp2,63,0.4036340002658347,0.38120059575020315,1.0588493427495373
surp2,64,0.30513506174836413,0.3810840027071945,0.8007028885513578
surp2,65,0.4064120125862955,0.380911672688178,1.0669455459796124
surp2,66,0.432671113242624,0.38099359442899466,1.1356388127498043
surp2,67,0.39158242661975234,0.3810930543257625,1.0275244383882771
surp2,68,0.40479482867901057,0.38139144686165893,1.0613631532902223
surp2,69,0.36201675460446503,0.3812106265409931,0.9496502180154622
surp2,70,0.4312929168174508,0.38185899272205787,1.1294559642107844
surp2,71,0.3756061569759205,0.38141437923566046,0.9847718843967566
surp2,72,0.4058506184498354,0.38193917222957174,1.0626053779209932
surp2,73,0.3934839368558123,0.3820352546154902,1.0299676066593513
surp2,74,0.3778469987441194,0.38192382257171903,0.9893255576461611
surp2,75,0.38158945621029305,0.38185642293469835,0.9993008714575139
surp2,76,0.35548592605762663,0.381271877136844,0.9323685993500055
surp2,77,0.3299172113649933,0.381046687269249,0.8658183429682268
surp2,78,0.3735700171161673,0.3805712467930737,0.9816033666865192
surp2,79,0.4210859188279108,0.38035833008500514,1.107076894395355
surp2,80,0.4077809685263754,0.3802700502999785,1.0723457400988974
surp2,81,0.37786902171560943,0.3800540173157899,0.9942508288279323
surp2,82,0.3790126309644061,0.3801064631049234,0.9971223006007784
surp2,83,0.4628218161280592,0.37982909497418677,1.2185001682388565
surp2,84,0.3341032119755313,0.37968756767172757,0.8799424590704327
surp2,85,0.5209391339950652,0.379627108370456,1.3722390274793312
surp2,86,0.5289344019128409,0.3794619189470781,1.3939064119543683
surp2,87,0.37445963182160164,0.3792920325293078,0.9872594194096793
surp2,88,0.3770204217527574,0.3791051383744068,0.9945009539290641
surp2,89,0.36106802489251105,0.37907062075873404,0.9525085963396751
surp2,90,0.3090557925414197,0.3789549848475394,0.8155475053739127
surp2,91,0.4420985668181325,0.37879377052499275,1.167122062766243
surp2,92,0.38337050139487333,0.3790583927665853,1.011375842642121
surp2,93,0.4138527610094446,0.378615862146626,1.093067677257464
surp2,94,0.38370692582826865,0.37860906669191063,1.0134647043212686
surp2,95,0.39291073904348356,0.37896663258292995,1.0367950770903351
surp2,96,0.37686710537128243,0.37882306175391006,0.9948367547277303
surp2,97,0.3406574951354472,0.37859022403596865,0.899805313258914
surp2,98,0.32576148281113587,0.3787451088395017,0.860107431642587
surp2,99,0.43510423280064386,0.3789693030683339,1.1481252683998735
surp2,100,0.36505754231644727,0.37894883577857263,0.9633425619751941
surp2,101,0.34134175808444644,0.3785223616717325,0.9017743537711246
surp2,102,0.32813483753692047,0.3782601783211568,0.8674844890976652
surp2,103,0.4062061617628011,0.37833288388322844,1.0736739497594814
surp2,104,0.4162528961543957,0.3784259673097125,1.0999585972220685
surp2,105,0.3774692275606215,0.378420485638613,0.9974862405337644
surp2,106,0.3734976193695575,0.37848774244751654,0.9868156283062429
surp2,107,0.34488829305384194,0.37847849830954594,0.9112493697641137
surp2,108,0.3815808262857131,0.37827727969718217,1.0087331350991406
surp2,109,0.4134576252086277,0.3783039596499789,1.0929243923092276
surp2,110,0.31414715093034207,0.3780150441197341,0.8310440439265634
surp2,111,0.48080464881023255,0.37799473170698455,1.271987698450106
surp2,112,0.29835922780141977,0.37766482789418826,0.7900106278496556
surp2,113,0.3522293590986804,0.3776388016542792,0.9327149581973818
surp2,114,0.36436151276805107,0.3774279748885587,0.965380250034816
surp2,115,0.3589437892650941,0.3772113792978402,0.9515720070090402
surp2,116,0.36738410869962557,0.37704002765037586,0.9743902019875086
surp2,117,0.4427024657160654,0.3767587603104276,1.1750289903048412
surp2,118,0.32849661232937827,0.3767393427340835,0.8719466619689977
surp2,119,0.35706122741373836,0.3766600045159672,0.9479669280856762
surp2,120,0.43196178979030436,0.376682610788803,1.1467526703336328
surp2,121,0.3519767890803321,0.37658660567361446,0.9346503135732566
surp2,122,0.3504169457839459,0.37656196239744916,0.9305691513634401
surp2,123,0.32650601369597176,0.3766094373761161,0.8669618477188968
surp2,124,0.374934073825117,0.37641116557669657,0.9960758556422827
surp2,125,0.4344580427791532,0.3765503148255937,1.1537848347846436
surp2,126,0.3909401902473617,0.37622640654029593,1.0391088542730715
surp2,127,0.35749205314273286,0.37609892821957797,0.9505266468986536
surp2,128,0.4958157310273852,0.3760634835681192,1.318436255291387
surp2,129,0.34928918010662696,0.376203528106323,0.9284580127805461
surp2,130,0.3164065827307691,0.37632279325392864,0.8407850611304049
surp2,131,0.34280044401479015,0.37621978039157944,0.9111707089350657
surp2,132,0.37596783177244225,0.37599912357107335,0.9999167769373133
surp2,133,0.5240255385280626,0.376072899394315,1.3934147857291312
surp2,134,0.3706728594404309,0.3761148597651984,0.985531014839018
surp2,135,0.3532908383518408,0.375915624347596,0.9398141909237726
surp2,136,0.4051228108833366,0.3758492089515822,1.0778865599143126
surp2,137,0.35033459184372356,0.3758348573982387,0.9321503446193263
surp2,138,0.3057079061177369,0.37572477743007837,0.813648512107053
surp2,139,0.3648181740547207,0.37589282571090454,0.9705377413489098
surp2,140,0.4631032959082143,0.3757889797384389,1.232349326024805
surp2,141,0.3548530559187022,0.37566745594582107,0.944593550232574
surp2,142,0.3309917710757061,0.37576677490852667,0.8808436327460825
surp2,143,0.4018728464581503,0.37564915901870544,1.0698089874816918
surp2,144,0.44512464849446054,0.3755515578053279,1.1852557638043317
surp2,145,0.3689993299733027,0.37537896665872267,0.9830048104660588
surp2,146,0.3698621431200713,0.37524876388136164,0.9856452005182531
surp2,147,0.30908032084233306,0.3754444242744165,0.8232385430670901
surp2,148,0.3900526329269239,0.3753344075157718,1.0392136322075232
surp2,149,0.34380999752833147,0.3752382372402118,0.9162445705346353
surp2,150,0.3575845803516994,0.3752178039855052,0.9530053652931485
sus_1,1,0.4093413502131573,0.3619087771956466,1.1310622344808974
sus_1,2,0.19028802596555658,0.20444094730359338,0.9307725701494631
sus_1,3,0.2623513387969257,0.2440953862589275,1.0747902400688267
sus_1,4,0.19663420846593793,0.23320189501694835,0.8431930128683011
sus_1,5,0.25649667823620137,0.23939880369320465,1.0714200500555051
sus_1,6,0.27794361615003865,0.25511476120554544,1.0894846493265047
sus_1,7,0.2629663607436947,0.25964530132254887,1.0127907549423365
sus_1,8,0.25845952682306794,0.2639368044764469,0.9792477685548863
sus_1,9,0.28308768186335576,0.2755799798098413,1.0272432781898562
sus_1,10,0.25371734408229546,0.2786161432970578,0.9106340396499729
sus_1,11,0.2828080389379639,0.2858913510491794,0.9892150913278762
sus_1,12,0.28572252524547814,0.28826141950016954,0.9911923896749911
sus_1,13,0.2639027598453592,0.2933949289869664,0.8994796220799122
sus_1,14,0.26819197178848636,0.2924230398865423,0.9171369393210009
sus_1,15,0.2926495120995774,0.2959656377644017,0.9887955720472387
sus_1,16,0.3059335668708239,0.296539557016191,1.0316787748290863
sus_1,17,0.2960734554750461,0.3000935690913458,0.9866037995133576
sus_1,18,0.3017962485584364,0.3019420227284898,0.9995172113880137
sus_1,19,0.2975545046400184,0.3010389816173745,0.9884251635497993
sus_1,20,0.27649519850575577,0.2998360087887554,0.9221547459316536
sus_1,21,0.2979987747166531,0.3026711745514118,0.9845627855322409
sus_1,22,0.2914562017731346,0.3045295355048384,0.9570703915138106
sus_1,23,0.29217802803684495,0.30575657589411925,0.9555903325461872
sus_1,24,0.30424453178694366,0.3067671957546916,0.9917766175697443
sus_1,25,0.2991889058545357,0.30872205475358094,0.9691206094535277
sus_1,26,0.2418891754500766,0.31005216180357087,0.7801563905989536
sus_1,27,0.32113116178338574,0.3108784751599046,1.0329797250137938
sus_1,28,0.31353988403842087,0.31207243006273677,1.0047022865024926
sus_1,29,0.3125712930730434,0.31315565508530796,0.9981339566992479
sus_1,30,0.32269376941282246,0.3141894026975586,1.0270676434095083
sus_1,31,0.31701436794346716,0.31331546590734305,1.0118056797018056
sus_1,32,0.3526142943452221,0.314469404562625,1.12129920821916
sus_1,33,0.35577595710434756,0.3147194954157741,1.1304541418202707
sus_1,34,0.34880238484487963,0.31503202183109064,1.107196604388031
sus_1,35,0.2992880431702762,0.3151456570100019,0.9496816361355649
sus_1,36,0.3071744544057665,0.3154456428936506,0.973779354147958
sus_1,37,0.3411998655263576,0.31624580365824295,1.0789071715085325
sus_1,38,0.31008849709130676,0.31572401923190696,0.9821504801747099
sus_1,39,0.3209083994822195,0.31596201272058944,1.0156550045970376
sus_1,40,0.3093634063006443,0.31713431506167944,0.9754964745473104
sus_1,41,0.2823235953170705,0.3188495448620792,0.8854445611305223
sus_1,42,0.30043354536237804,0.3185824668008106,0.9430322653324801
sus_1,43,0.3319800765842028,0.3181692050283079,1.043407317042723
sus_1,44,0.31484674002913754,0.3186697958252599,0.9880030807870518
sus_1,45,0.2904245686851488,0.3190536894867216,0.910268642097103
sus_1,46,0.2946933270473634,0.3198549266826561,0.9213343377378809
sus_1,47,0.3210261115718691,0.3201695485220288,1.002675342029854
sus_1,48,0.31896138629957954,0.31934081219971877,0.9988118465111753
sus_1,49,0.30896007446789187,0.3189931844808314,0.968547572484131
sus_1,50,0.3163871598949056,0.31997056355301917,0.9888008333694116
sus_1,51,0.3237159292693264,0.3206833623611205,1.0094565769981885
sus_1,52,0.31583333089436993,0.32078514168221683,0.9845634658703976
sus_1,53,0.2940182712026101,0.3208776397581233,0.9162940472394409
sus_1,54,0.29599102663013943,0.3213216071965469,0.921167515663168
sus_1,55,0.3210507929704932,0.32159080380161414,0.9983208138269586
sus_1,56,0.35344968830430123,0.32218706742254266,1.0970325132285903
sus_1,57,0.3183588458688551,0.3226623751443246,0.98666243848994
sus_1,58,0.3207027559957674,0.32274882489571444,0.9936604915583871
sus_1,59,0.33183266711481185,0.3230094529461253,1.0273156531123506
sus_1,60,0.3494133284897982,0.3232436406332818,1.0809596371493841
sus_1,61,0.3647944740885549,0.32274383947688845,1.1302910527427052
sus_1,62,0.32292259285859276,0.3229736720901989,0.9998418470729346
sus_1,63,0.3150060832637616,0.3228954444851222,0.9755668240103521
sus_1,64,0.30075382081805413,0.32287517381323894,0.9314863613268065
sus_1,65,0.3392954550310845,0.32328014820847767,1.0495400256135705
sus_1,66,0.3280696635104786,0.32322364848451507,1.014992761354823
sus_1,67,0.346836213128845,0.3233078223121832,1.0727739608908782
sus_1,68,0.33411677487793584,0.3236478851331927,1.0323465414904065
sus_1,69,0.3209856165978674,0.3231523901179155,0.99329488629418
sus_1,70,0.33799475333693313,0.32414668183011147,1.0427216204362677
sus_1,71,0.3233129630094771,0.3239456881811172,0.9980468171217444
sus_1,72,0.33536164582708416,0.32450389497756355,1.0334595393693853
sus_1,73,0.3404933209324901,0.32447021663814973,1.0493823576794088
sus_1,74,0.32863812998546355,0.3243735680002298,1.013147069940146
sus_1,75,0.3591000999991999,0.32449102435823113,1.1066564959983642
sus_1,76,0.3052522865681383,0.3238503996004456,0.9425719003118325
sus_1,77,0.2919566314162133,0.3235794945686416,0.9022717332735061
sus_1,78,0.32130412024672067,0.3233116049542673,0.9937908671486426
sus_1,79,0.3056557906760801,0.3235047257829114,0.9448263543488115
sus_1,80,0.31090106156921776,0.3234700486715523,0.9611432738395604
sus_1,81,0.30941814837788634,0.3231421633099688,0.9575294824064233
sus_1,82,0.3634870652344225,0.3237647556983397,1.1226888005471884
sus_1,83,0.3058901318401234,0.32338927321826477,0.9458883060529634
sus_1,84,0.3015921890532081,0.32338033796816423,0.9326237672585366
sus_1,85,0.3287957946947491,0.32314950327798664,1.017472690997471
sus_1,86,0.3390217997463345,0.3235834771542873,1.0477104786926004
sus_1,87,0.36567973803262904,0.32359980223863516,1.130036963876024
sus_1,88,0.33517868276003987,0.32349824194915333,1.0361066593144652
sus_1,89,0.3480447147852616,0.32336030443042546,1.0763371694565784
sus_1,90,0.29242606579616154,0.32326105437704805,0.9046127327639013
sus_1,91,0.3057049875315979,0.323302169722726,0.9455704791396234
sus_1,92,0.34355564587689474,0.32351726114187,1.061939151760553
sus_1,93,0.30868362021926254,0.3232122771571844,0.955049179858795
sus_1,94,0.3497704752420653,0.32337682430214487,1.081618869864526
sus_1,95,0.32662756359199946,0.3237177964970654,1.008988591688256
sus_1,96,0.32986866290733174,0.3237295026151697,1.018963857920172
sus_1,97,0.3385872614718356,0.32362873006551285,1.0462212715270818
sus_1,98,0.3139955916056424,0.3240285404120888,0.969036836095713
sus_1,99,0.34654671783552776,0.3242194041096689,1.0688648287019447
sus_1,100,0.3033506265508719,0.324038505530827,0.9361561091449145
sus_1,101,0.32545981448835737,0.32377531651464275,1.0052026757068693
sus_1,102,0.3483751913621242,0.32361461095406807,1.076512554037835
sus_1,103,0.3394549296723994,0.32365413732664705,1.0488199918476724
sus_1,104,0.3100516749140704,0.3238349019099865,0.9574374876993731
sus_1,105,0.32857388123552833,0.32367340807063466,1.015140178472197
sus_1,106,0.33932332492501216,0.32360814027109563,1.0485623898111818
sus_1,107,0.29047428081326554,0.3235011698021527,0.897907976626218
sus_1,108,0.3141390429669619,0.32327747324256917,0.9717319298992716
sus_1,109,0.31675211063897124,0.3234392275823176,0.9793249662592506
sus_1,110,0.3175824031464293,0.32313285284363696,0.9828230102623038
sus_1,111,0.3119042220104199,0.3230200814081659,0.9655877140848711
sus_1,112,0.33848423822862667,0.32261470565434985,1.0491903570920276
sus_1,113,0.34565673922387147,0.3226316398367299,1.0713665262303276
sus_1,114,0.3067933475569739,0.3223104715455507,0.9518565936931285
sus_1,115,0.3171897100528053,0.3221419043782694,0.9846272892220532
sus_1,116,0.3076086849024103,0.3220507591869698,0.9551559067240856
sus_1,117,0.33814654046538484,0.3217757363411688,1.0508764405618782
sus_1,118,0.3021314030633932,0.3218326276253524,0.9387842534570685
sus_1,119,0.34643426379078807,0.3217039872157038,1.0768727698687257
sus_1,120,0.32581545637084314,0.32177372816867067,1.0125607774916099
sus_1,121,0.3371323845759053,0.3216523557583118,1.0481265830654294
sus_1,122,0.3338714504882598,0.32159935196212275,1.0381595872356808
sus_1,123,0.3270764950449899,0.32156443424347486,1.017141388208814
sus_1,124,0.3020208867515271,0.3213106682302196,0.9399653251946452
sus_1,125,0.3112073977133466,0.3213972158603242,0.9682952507236217
sus_1,126,0.3244803390668045,0.32100685054062256,1.0108206056049336
sus_1,127,0.33338261640849026,0.32098725304029824,1.0386163726153819
sus_1,128,0.32927855020729413,0.3210016233820758,1.0257846883701478
sus_1,129,0.3004739478685645,0.3213115349234435,0.9351483380145571
sus_1,130,0.33366199094110566,0.3213403085972991,1.038344652115362
sus_1,131,0.31150448583108886,0.32123121269984917,0.9697204801892999
sus_1,132,0.34214832804722806,0.32117123779543416,1.0653143488059007
sus_1,133,0.3481952750619297,0.32137035702648536,1.0834704180050856
sus_1,134,0.3197932627644083,0.32149917533956457,0.9946938819567592
sus_1,135,0.30699480697145287,0.3213810738527122,0.9552361104877866
sus_1,136,0.3152328565354207,0.32141996336999273,0.9807507076732197
sus_1,137,0.32841942826292525,0.3213880318741256,1.0218782147791787
sus_1,138,0.31560181830024087,0.3213536800540477,0.9821011486383494
sus_1,139,0.2897151610394279,0.3215684249221209,0.9009440560266221
sus_1,140,0.29323533870808627,0.3214808693793464,0.9121393110395926
sus_1,141,0.3424574765000035,0.3213801230800606,1.0655838737565368
sus_1,142,0.32173619160534106,0.3214187775302895,1.0009875405459832
sus_1,143,0.2982757720811232,0.3213583559572647,0.9281718260992999
sus_1,144,0.334781719381018,0.3212847873821492,1.0420092470261126
sus_1,145,0.3094824006335629,0.32107730615605345,0.9638874959388907
sus_1,146,0.30720991501801276,0.32105342910408996,0.9568809648764445
sus_1,147,0.31340602650323396,0.32120821179526426,0.9757098822336355
sus_1,148,0.35066199238774914,0.32107226392514343,1.0921590924761548
sus_1,149,0.3181478655731187,0.32091012723811774,0.9913924135434049
sus_1,150,0.34468062597203564,0.3208848767507052,1.0741566553783626
