score_type,round,emp_var_sus,mean_sb_sq,theo_var_sus,ratio
surp2,1,0.26147312404055584,0.2763238671249293,0.2763238671249293,0.9462560247187796
surp2,2,0.19420779451985754,0.33549557132816915,0.16774778566408458,1.1577368592439081
surp2,3,0.1349997886501339,0.37196431886157405,0.12398810628719135,1.0888124086469746
surp2,4,0.10275593793193989,0.38563973191383427,0.09640993297845857,1.0658231445394661
surp2,5,0.08515427901585697,0.39068754746620216,0.07813750949324043,1.089800270934199
surp2,6,0.06968121328108384,0.39304959299772696,0.06550826549962116,1.0637010879411364
surp2,7,0.05971218265991559,0.39368980547813426,0.05624140078259061,1.0617122231848706
surp2,8,0.05114357711138584,0.3939452610650441,0.04924315763313051,1.038592559242723
surp2,9,0.04615436843006711,0.3944635442455051,0.04382928269394501,1.053048683282314
surp2,10,0.04033818527966865,0.3947549652764474,0.03947549652764474,1.021853778366531
surp2,11,0.03547946781524201,0.39503981764523016,0.03591271069502092,0.9879362244900389
surp2,12,0.03224376998238377,0.3951915754834384,0.032932631290286535,0.9790827127710884
surp2,13,0.029514579757992,0.3953772840882824,0.030413637237560184,0.970439001670676
surp2,14,0.027940464227361017,0.39534766127488247,0.028239118662491604,0.9894240879575582
surp2,15,0.026425912273515224,0.39528744858334663,0.02635249657222311,1.0027859106666006
surp2,16,0.024774083745840825,0.39518994582293365,0.024699371613933353,1.00302485962296
surp2,17,0.023433866245942157,0.39514036428528004,0.02324355084031059,1.008187880024833
surp2,18,0.02178897107211903,0.39507596580864324,0.021948664767146846,0.9927242182282155
surp2,19,0.020828831011707818,0.3949191451570071,0.02078521816615827,1.0020982625826154
surp2,20,0.019418135789760007,0.3947303333252992,0.019736516666264962,0.9838684362651919
surp2,21,0.018540654454478053,0.39455583378088266,0.018788373037184888,0.9868153255092091
surp2,22,0.017730777980217993,0.39439506308321787,0.01792704832196445,0.9890517201593091
surp2,23,0.016963935422553186,0.3942268404667803,0.017140297411599142,0.9897106809286396
surp2,24,0.01641366192482536,0.3940386016508176,0.016418275068784068,0.9997190238353676
surp2,25,0.01583434351482623,0.3938699875404614,0.015754799501618455,1.005048874992005
surp2,26,0.015620591379875991,0.3937131232885297,0.01514281243417422,1.0315515329651395
surp2,27,0.015019760180847323,0.3935315112134601,0.014575241156054077,1.0304982277846297
surp2,28,0.01438186401508172,0.39334732044661463,0.014048118587379093,1.0237573042700867
surp2,29,0.013966789052101792,0.3931728988950603,0.013557686168795182,1.0301749781056457
surp2,30,0.013536449865672765,0.3929989831102525,0.013099966103675083,1.0333194573591478
surp2,31,0.012955041350235485,0.39280930317013424,0.012671267844197878,1.0223950365130625
surp2,32,0.01233629586038218,0.3926369334337938,0.012269904169806056,1.00541093798756
surp2,33,0.011712441264680669,0.39247157640110125,0.011893078072760644,0.9848116015908701
surp2,34,0.011340749277736793,0.39230143148877333,0.011538277396728627,0.9828806231467586
surp2,35,0.011012207228287243,0.39213349238218403,0.0112038140680624,0.9828980703703971
surp2,36,0.010895431012750176,0.3919625612157088,0.010887848922658578,1.0006963809054898
surp2,37,0.010440812327362195,0.39178790284909437,0.010588862239164713,0.9860183362047218
surp2,38,0.010132767880844273,0.39161446384422083,0.010305643785374232,0.9832251232305056
surp2,39,0.009922814877142857,0.39143567356488235,0.010036812142689292,0.9886420843664521
surp2,40,0.009711192831712755,0.3912549687476396,0.00978137421869099,0.9928249972438303
surp2,41,0.009419872459163196,0.39108208014773754,0.009538587320676525,0.9875542512195706
surp2,42,0.009192082654322855,0.3909052386409897,0.00930726758669023,0.9876241946098021
surp2,43,0.008940932977657197,0.3907284177617714,0.009086707389808638,0.9839573999802242
surp2,44,0.008646955488663942,0.39055765510736445,0.008876310343349193,0.974161014451562
surp2,45,0.008360563756614542,0.3904011033566635,0.008675580074592522,0.9636893077731432
surp2,46,0.0081911966336551,0.39025853257766085,0.008483881142992627,0.9655011068160386
surp2,47,0.008063764342626303,0.39011166808262354,0.008300248257077097,0.9715088142997218
surp2,48,0.00787096537477517,0.38995461165100254,0.008124054409395886,0.9688469547510655
surp2,49,0.00774338319099496,0.3897933495466135,0.007954966317277826,0.97340238564891
surp2,50,0.007667550642817495,0.38963784763751325,0.007792756952750265,0.9839329892242332
surp2,51,0.007552270731764835,0.3894880457889374,0.00763702050566544,0.9889027698907272
surp2,52,0.0073424288497812035,0.38934616360740437,0.007487426223219315,0.9806345506299002
surp2,53,0.007315775657476482,0.38920104577750675,0.007343415958066165,0.9962360431783355
surp2,54,0.007159104238159191,0.38906379545452036,0.007204885101009636,0.9936458580242966
surp2,55,0.00710318016630735,0.388930131493953,0.007071456936253691,1.0044860953463524
surp2,56,0.006873654982860388,0.3887998982007376,0.006942855325013172,0.9900328699197468
surp2,57,0.006730055707802706,0.38867852419174365,0.006818921477048134,0.9869677676235835
surp2,58,0.006712905943687163,0.3885595662752565,0.006699302866814767,1.0020305212561413
surp2,59,0.006604583486473349,0.3884464435179661,0.006583838025728239,1.0031509676671937
surp2,60,0.006572809695274351,0.38833799682581044,0.006472299947096841,1.0155292166616279
surp2,61,0.0065527246363035856,0.3882242445819027,0.006364331878391847,1.0296013409595073
surp2,62,0.006419046906436443,0.38811044293695707,0.006259845853821888,1.0254321042933279
surp2,63,0.006391093083797947,0.3880007628228816,0.006158742267029867,1.037726991436538
surp2,64,0.0062761605979352346,0.387892688446074,0.006060823256969906,1.0355293879783891
surp2,65,0.00611280829115154,0.3877852882036448,0.005965927510825304,1.0246199404970506
surp2,66,0.006057227333315155,0.38768238375251374,0.005873975511401723,1.0311972396816653
surp2,67,0.006014075176341322,0.38758403555211446,0.005784836351524096,1.0396275384275702
surp2,68,0.005899026671947842,0.38749296807137246,0.005698426001049595,1.0352028210704673
surp2,69,0.005851604572731108,0.38740191964339593,0.00561452057454197,1.0422269355043692
surp2,70,0.0058545560828025854,0.3873227349730911,0.005533181928187016,1.0580812557379384
surp2,71,0.005860159817267431,0.38723951869509915,0.005454077728099988,1.074454767499052
surp2,72,0.00571784287676164,0.3871659027719668,0.0053773042051662055,1.0633288835078856
surp2,73,0.005637953352337102,0.3870956199205082,0.005302679724938469,1.063227206769031
surp2,74,0.005543067554195703,0.38702573076714625,0.0052300774427992735,1.059844259443491
surp2,75,0.005443974201157794,0.3869568066627136,0.005159424088836182,1.0551515261048834
surp2,76,0.005364087171835607,0.3868820049584258,0.005090552696821392,1.053733747847265
surp2,77,0.005242205471448783,0.38680622161181316,0.005023457423530041,1.04354531739318
surp2,78,0.00517862801116878,0.38672628603721393,0.004958029308169409,1.044493222868991
surp2,79,0.005110221517594617,0.38664567899984414,0.0048942491012638496,1.0441277940419904
surp2,80,0.005010944977127874,0.38656598364109584,0.004832074795513698,1.0370172626012013
surp2,81,0.0048996291074874295,0.38648558899510443,0.004771427024630919,1.0268687087101427
surp2,82,0.004766935236847003,0.3864077947769315,0.004712290180206482,1.0115962843014321
surp2,83,0.004745093749422286,0.38632853333352496,0.00465456064257259,1.0194504087070306
surp2,84,0.0046646249246379105,0.38624947421850353,0.004598208026410757,1.0144440829657282
surp2,85,0.004597604053057517,0.38617156403205594,0.004543194870965364,1.0119759736567477
surp2,86,0.004585057881848174,0.38609354490316083,0.0044894598244553585,1.021293888603717
surp2,87,0.004573963531958105,0.38601536660001307,0.0044369582367817595,1.0308782025579124
surp2,88,0.004492999738026536,0.38593684127926753,0.00438564592362804,1.024478449986151
surp2,89,0.004474163553018337,0.38585969273409304,0.004335502165551607,1.0319827743527579
surp2,90,0.004398792598648476,0.38578297375757575,0.004286477486195286,1.026202193482855
surp2,91,0.004320614283303842,0.38570616932644847,0.004238529333257675,1.0193663753609266
surp2,92,0.0042713722663468845,0.3856339108855804,0.004191672944408482,1.0190137262604702
surp2,93,0.004204893872329743,0.3855584479959142,0.004145789763396927,1.0142564173066961
surp2,94,0.004164322547330577,0.38548451840757375,0.004100899131995466,1.0154657340484867
surp2,95,0.004139173559754495,0.3854159090831038,0.0040570095692958295,1.0202523531323409
surp2,96,0.004065484608735423,0.3853472335900914,0.0040140336832301185,1.0128177612759595
surp2,97,0.004056638526865688,0.3852775736977808,0.003971933749461658,1.02132582836144
surp2,98,0.004021893741710108,0.3852109158931045,0.003930723631562291,1.0231942305522967
surp2,99,0.00396890846345298,0.3851478692989149,0.0038903825181708577,1.0201846334943545
surp2,100,0.0038739540048307723,0.3850858789637115,0.0038508587896371148,1.0059974193953327
surp2,101,0.0037858197062315252,0.38502089364398895,0.0038120880558810788,0.9931091965178958
surp2,102,0.0037508143277372023,0.38495461212121607,0.0037740648247178046,0.9938394017960884
surp2,103,0.0037043606387082563,0.38489032349754626,0.0037367992572577306,0.9913191433854867
surp2,104,0.003647359871086182,0.38482816622650945,0.0037002708291010524,0.9857007877372791
surp2,105,0.0036534468648914045,0.3847671406971009,0.003664448959020008,0.9969976129421799
surp2,106,0.0035932572610350402,0.3847079010909727,0.0036293198216129498,0.9900635484469698
surp2,107,0.003582505686006833,0.38464968237338926,0.0035948568446111146,0.9965642140596512
surp2,108,0.0035344111158986395,0.38459067864490587,0.003561024802267647,0.9925263967967703
surp2,109,0.00346949485690558,0.3845330023238515,0.0035278257093931333,0.9834654948139182
surp2,110,0.0034092889903664762,0.38447374815835955,0.003495215892348723,0.9754158528031568
surp2,111,0.0034325258359889804,0.38441537864077957,0.0034632016093763926,0.9911423656929589
surp2,112,0.0034232730810428006,0.38435510586625643,0.0034317420166630037,0.997532175909762
surp2,113,0.0034047362758071282,0.3842956695457965,0.003400846633148642,1.0011437277472537
surp2,114,0.0033845704983324005,0.38423542661020665,0.0033704861983351463,1.0041787146329841
surp2,115,0.0033364739884962215,0.3841743479379252,0.0033406465038080453,0.9987509856828409
surp2,116,0.0032819019083860086,0.38411284517682565,0.0033113176308347037,0.9911166110509066
surp2,117,0.003293092441461193,0.38404998975061716,0.00328247854487707,1.0032335006730473
surp2,118,0.003248212846494611,0.38398803511488383,0.0032541358908041,0.9981798411288763
surp2,119,0.00320869347172124,0.3839264550258173,0.003226272731309389,0.9945512171312887
surp2,120,0.0031652312547938762,0.3838660896571755,0.0031988840804764627,0.9894798233271479
surp2,121,0.0031078804073437012,0.383805928632518,0.0031719498234092395,0.9798012517118962
surp2,122,0.0030876730667716147,0.38374655186009937,0.0031454635398368803,0.9816273587872322
surp2,123,0.0030544427847915205,0.38368852653909136,0.0031194189149519624,0.9791704378501397
surp2,124,0.003027969025376801,0.38362983814423335,0.0030937890172922046,0.9787251194093993
surp2,125,0.0030189142219392297,0.3835732019576842,0.0030685856156614736,0.9838129353573416
surp2,126,0.0030224124210306933,0.3835148940575462,0.003043769000456716,0.9929835084650583
surp2,127,0.003011464812981226,0.38345650062575115,0.003019342524612214,0.997390918199319
surp2,128,0.002978801613949689,0.38339874267998847,0.00299530267718741,0.9944910197679202
surp2,129,0.002951532367792606,0.3833429658228283,0.002971650897851382,0.993229847397848
surp2,130,0.0029301280148906683,0.3832889644953752,0.0029483766499644247,0.993810616064275
surp2,131,0.002917283917715482,0.38323500125794163,0.0029254580248697835,0.9972058709833427
surp2,132,0.002881505612552711,0.38318018400273807,0.0029028801818389246,0.9926367717758598
surp2,133,0.0028523693993275302,0.3831267457725996,0.0028806522238541323,0.9901817983120637
surp2,134,0.002841286068344524,0.38307441826508165,0.0028587643154110573,0.9938860832380231
surp2,135,0.0028082639234905753,0.3830213901619891,0.0028371954826814007,0.98980276143557
surp2,136,0.0027772183368106377,0.38296865353544207,0.0028159459818782504,0.9862470213147408
surp2,137,0.0027321735373487064,0.3829165820307909,0.0027950115476700066,0.9775177993902445
surp2,138,0.0027160327653879776,0.38286446750469877,0.0027743801993094113,0.9789692004232307
surp2,139,0.0027214201844301795,0.3828143118083406,0.0027540597971823064,0.9881485460898414
surp2,140,0.0026966277106278027,0.3827641308649841,0.002734029506178458,0.9863199005474764
surp2,141,0.0026840711796847186,0.3827137998371886,0.0027142822683488554,0.9888695847825308
surp2,142,0.0026684967551177854,0.3826648771264234,0.0026948230783550944,0.9902307786181724
surp2,143,0.0026605277574694524,0.38261581616063517,0.0026756350780463996,0.9943537440135604
surp2,144,0.002642798252797018,0.38256675881094554,0.0026567136028537884,0.9947621941477536
surp2,145,0.002649886919146297,0.38251718783058536,0.0026380495712454164,1.0044871590094087
surp2,146,0.0026163004628713396,0.38246740410490576,0.00261963975414319,0.9987252860754731
surp2,147,0.002583694641396356,0.38241962873190927,0.0026014940730061855,0.9931579964780541
surp2,148,0.0025740586867793076,0.382371755615584,0.0025835929433485408,0.9963096908923756
surp2,149,0.0025700326853455883,0.38232387965333314,0.0025659320782102897,1.0015980965241134
surp2,150,0.0025409434548398172,0.3822765058155476,0.0025485100387703176,0.9970309773885955
sus_1,1,0.4093413502131573,0.3619087771956467,0.3619087771956467,1.1310622344808972
sus_1,2,0.16201590047975156,0.28317486224962,0.14158743112481,1.1442816582845814
sus_1,3,0.09315347788743325,0.2701483702527225,0.09004945675090749,1.0344701817037278
sus_1,4,0.06358733772113825,0.2609117514437789,0.06522793786094473,0.9748481985847235
sus_1,5,0.05123694843299794,0.25660916189366406,0.051321832378732814,0.9983460460821338
sus_1,6,0.044359773299263404,0.256360095112311,0.0427266825187185,1.0382218015599374
sus_1,7,0.03906249673562047,0.2568294102852021,0.036689915755028876,1.0646657516586528
sus_1,8,0.032514231086135666,0.2577178345591077,0.03221472931988846,1.0092970443201055
sus_1,9,0.029031004395427874,0.25970251736474476,0.028855835262749416,1.0060704925393231
sus_1,10,0.02586003155078932,0.26159387995797606,0.026159387995797607,0.9885564430996483
sus_1,11,0.023361448579382053,0.26380274096626727,0.02398206736056975,0.9741215479109157
sus_1,12,0.022749484170207394,0.2658409641774258,0.022153413681452152,1.0269064848120586
sus_1,13,0.02059801816618782,0.2679604999320059,0.02061234614861584,0.9993048834749468
sus_1,14,0.01885647304404684,0.26970782421447276,0.019264844586748053,0.9788022404820165
sus_1,15,0.017906479413530896,0.27145834511780137,0.018097223007853425,0.9894600627820216
sus_1,16,0.01690312092045623,0.27302592086145067,0.017064120053840667,0.9905650491864536
sus_1,17,0.01603112084248378,0.27461813546320923,0.01615400796842407,0.9923927779297561
sus_1,18,0.01484537813170635,0.2761361292001693,0.01534089606667607,0.9676995442237498
sus_1,19,0.01437816240563145,0.2774468056431801,0.014602463454904215,0.9846395062062331
sus_1,20,0.013559344014752308,0.27856626580045885,0.013928313290022943,0.9735094072349066
sus_1,21,0.013379537430659361,0.2797141185981233,0.013319719933243965,1.0044908975350224
sus_1,22,0.012819206587040187,0.280842092093883,0.012765549640631046,1.0042032617411443
sus_1,23,0.012248544108539003,0.28192533051998026,0.012257623066086099,0.9992593215260294
sus_1,24,0.011830400966385018,0.28296040823809326,0.011790017009920552,1.003425267022981
sus_1,25,0.01162338464500473,0.28399087409871276,0.01135963496394851,1.0232181475807338
sus_1,26,0.011141665493422333,0.28499323131813037,0.010961278127620398,1.0164567821107824
sus_1,27,0.010812149828866439,0.2859519440530109,0.010590812742704106,1.020898970790963
sus_1,28,0.010314312241468416,0.28688481855335823,0.010245886376905652,1.0066783743295258
sus_1,29,0.010111732952878021,0.2877907094682531,0.009923817567870795,1.0189357960000816
sus_1,30,0.00989289946670852,0.2886706659092299,0.009622355530307663,1.028116185849579
sus_1,31,0.009724516785946042,0.2894656594575561,0.00933760191798568,1.0414362136401536
sus_1,32,0.009372115775359213,0.29024702649208955,0.009070219577877799,1.03328433175066
sus_1,33,0.009122012262364108,0.29098861645947394,0.008817836862408302,1.034495466938445
sus_1,34,0.008849030396774638,0.29169577544099207,0.008579287512970355,1.0314411754351955
sus_1,35,0.00854959836904507,0.2923657720572495,0.008353307773064271,1.0234985470802058
sus_1,36,0.00835545616106653,0.2930068795804829,0.008139079988346747,1.02658484411378
sus_1,37,0.008058593615002862,0.2936349586096115,0.007936079962421932,1.0154375526911326
sus_1,38,0.007879203128490924,0.29421624967861926,0.007742532886279454,1.017651877521071
sus_1,39,0.007792190564197523,0.2947738333463621,0.007558303419137489,1.0309443974513957
sus_1,40,0.0075077550828639966,0.29533284538924504,0.0073833211347311255,1.0168533842510972
sus_1,41,0.007260973267573448,0.2959064234251678,0.0072172298396382395,1.0060609719944018
sus_1,42,0.007015716200372603,0.296446329219826,0.0070582459338053806,0.9939744613843672
sus_1,43,0.00687554759779767,0.29695151237816275,0.006905849125073553,0.9956121938479854
sus_1,44,0.006736592542959557,0.29744510972923316,0.006760116130209845,0.9965202391797436
sus_1,45,0.006555516803711771,0.2979253003905107,0.006620562230900237,0.9901752411774216
sus_1,46,0.006464427498372701,0.29840203139686167,0.006487000682540471,0.9965202432876992
sus_1,47,0.00626533606821038,0.2988651700590993,0.006358833405512751,0.9852964637788254
sus_1,48,0.00616199044573672,0.29929174593702884,0.0062352447070214345,0.9882515819784549
sus_1,49,0.006079661715590621,0.2996938161113922,0.006116200328803922,0.9940259292944961
sus_1,50,0.006117560642465692,0.30009935106022473,0.006001987021204494,1.0192558932321722
sus_1,51,0.006025101812307794,0.3005029591249481,0.005892214884802904,1.022552966940773
sus_1,52,0.005904996544242279,0.3008930010972033,0.005786403867253909,1.020495056983406
sus_1,53,0.005816702519969908,0.3012700697511829,0.005684340938701565,1.0232852995088957
sus_1,54,0.005553525417990894,0.30164139451868965,0.005585951750346104,0.9941950210448557
sus_1,55,0.005444319374651664,0.30200411105110647,0.005490983837292845,0.9915016208344574
sus_1,56,0.005339882479307472,0.3023645209863107,0.00539936644618412,0.9889831580298302
sus_1,57,0.005267598114493456,0.3027206236908373,0.00531088813492697,0.9918488171217882
sus_1,58,0.00519803271037077,0.30306593750471444,0.0052252747845640424,0.9947864800768472
sus_1,59,0.005199131562100772,0.30340396319016205,0.005142440054070543,1.0110242428563372
sus_1,60,0.005069190108912172,0.3037346244808808,0.0050622437413480135,1.0013721914469311
sus_1,61,0.005013572415718515,0.3040462509562252,0.0049843647697741834,1.0058598532197023
sus_1,62,0.004928665920454684,0.304351531942257,0.004908895676488017,1.0040274320885165
sus_1,63,0.004867192001772434,0.3046458797603977,0.004835648885085678,1.0065230370186806
sus_1,64,0.004813200558673026,0.30493071247997333,0.004764542382499583,1.010212560255979
sus_1,65,0.004690719283929297,0.3052130114911811,0.004695584792172016,0.9989638120792046
sus_1,66,0.004631008103502612,0.30548589993047404,0.004628574241370819,1.0005258340916385
sus_1,67,0.004604527111024377,0.3057518987719921,0.004563461175701375,1.0089988571704438
sus_1,68,0.004531325055175404,0.30601507504200975,0.004500221691794261,1.006911518034291
sus_1,69,0.004458049612774224,0.30626344192716776,0.004438600607640113,1.0043817876068042
sus_1,70,0.004434321068665553,0.30651891678292414,0.004378841668327488,1.0126698804250795
sus_1,71,0.00442084566749951,0.3067643642674057,0.0043206248488367,1.0231959085014737
sus_1,72,0.0043433318201991184,0.3070107466383801,0.00426403814775528,1.0185959106593785
sus_1,73,0.004241676334444028,0.3072499174602948,0.004208902978908148,1.0077866740336177
sus_1,74,0.004156382221603267,0.3074813181432669,0.004155152947881985,1.0002958431943905
sus_1,75,0.004094294867763811,0.3077081142261331,0.004102774856348441,0.9979331089612417
sus_1,76,0.0040360734667391415,0.30792051271790033,0.0040515856936565835,0.9961713195547786
sus_1,77,0.003970885263190307,0.30812387611855935,0.004001608780760511,0.9923222085782295
sus_1,78,0.0039706090320507925,0.308318590590812,0.003952802443471949,1.0045048010452056
sus_1,79,0.0038568724974804595,0.30851082015020564,0.0039052002550658944,0.9876247684039395
sus_1,80,0.003794514116862998,0.30869781050672246,0.003858722631334031,0.9833601632961023
sus_1,81,0.0037602217644466035,0.3088761358499725,0.003813285627777438,0.9860844771384821
sus_1,82,0.0036779183326385726,0.30905770438470864,0.003768996394935471,0.9758349298451748
sus_1,83,0.0036679904673020953,0.3092303738887274,0.003725667155285872,0.9845190980353823
sus_1,84,0.0036169442570680274,0.309398825842054,0.003683319355262548,0.9819795429631463
sus_1,85,0.003600940874908109,0.30956059851777085,0.003641889394326716,0.988756242986842
sus_1,86,0.0036052277853642657,0.30972365524610246,0.003601437851698866,1.0010523390438661
sus_1,87,0.003604767730502253,0.30988315118854537,0.0035618753010177627,1.0120420918363522
sus_1,88,0.0035678876328665726,0.3100378681290068,0.0035231575923750772,1.0126960089972419
sus_1,89,0.0035513378681457037,0.3101875584245284,0.003485253465444139,1.0189611468310076
sus_1,90,0.0035501092195886117,0.3103328194906675,0.0034481424387851943,1.029571510636127
sus_1,91,0.0034673216368422133,0.31047533982288794,0.003411816921130637,1.0162683745917946
sus_1,92,0.0034377520053071263,0.31061709983722463,0.003376272824317659,1.018209186339049
sus_1,93,0.0033555344464571194,0.31075253185141777,0.003341425073671159,1.0042225614744846
sus_1,94,0.0033202419376937692,0.3108868328349361,0.0033073067322865546,1.003911099409359
sus_1,95,0.0032865621898771156,0.31102189561032695,0.0032739146906350207,1.0038631120347372
sus_1,96,0.003236712933907004,0.3111542665166274,0.003241190276214869,0.9986186117054832
sus_1,97,0.0032499829353505377,0.31128286923362625,0.0032091017446765594,1.0127391382157933
sus_1,98,0.003213509856894957,0.3114129271027942,0.0031776829296203493,1.011274544398578
sus_1,99,0.003189396825050701,0.31154228545639906,0.003146891772286859,1.0135069954226463
sus_1,100,0.003144953504600342,0.3116672476571433,0.0031166724765714334,1.0090741097248754
sus_1,101,0.0031015609356788497,0.31178712952701954,0.003087001282445738,1.0047164389972576
sus_1,102,0.0030638427744731594,0.3119030852272847,0.003057873384581223,1.001952137692174
sus_1,103,0.0030555127249179566,0.3120171731117446,0.0030292929428324717,1.0086554131872663
sus_1,104,0.0030301866727618708,0.31213080511942,0.0030012577415328844,1.009638935979624
sus_1,105,0.0030163343638872154,0.3122407346713363,0.002973721282584155,1.014329884092577
sus_1,106,0.002957031279304833,0.3123479743468057,0.002946679003271752,1.0035132011398549
sus_1,107,0.002924211017768071,0.312452209818351,0.0029201141104518782,1.0014029956231947
sus_1,108,0.0028876745372413367,0.31255244373894564,0.002894004108693941,0.9978128671505374
sus_1,109,0.0028551120984581352,0.31265232248980224,0.002868369931099103,0.9953779209239277
sus_1,110,0.002846482709306851,0.31274760003847346,0.002843160000349759,1.0011686675940445
sus_1,111,0.002835260594796814,0.3128401449156779,0.002818379683925026,1.0059895801009602
sus_1,112,0.00283161778908128,0.312927417779416,0.0027939948016019287,1.01346566123093
sus_1,113,0.002822384025055104,0.31301329585071974,0.0027700291668205286,1.0189004718295689
sus_1,114,0.002797514601660639,0.3130948500234814,0.0027464460528375564,1.0185944117745622
sus_1,115,0.0027403879431871364,0.31317352006134913,0.0027232480005334706,1.0062939338063621
sus_1,116,0.002730264309208083,0.31325004798484585,0.002700431448145223,1.0110474424682583
sus_1,117,0.0026840482398237313,0.31332291711609644,0.0026779736505649267,1.0022683528859677
sus_1,118,0.0026474036491557448,0.3133950333068528,0.002655890112769939,0.9968046631246564
sus_1,119,0.00262867726530857,0.313464856448944,0.0026341584575541514,0.9979191865888468
sus_1,120,0.002598923258237874,0.31353409704660845,0.0026127841420550703,0.994694975526645
sus_1,121,0.0025582073098267834,0.3136011900938126,0.0025917453726761372,0.9870596613375164
sus_1,122,0.0025717042952652417,0.3136667487976512,0.0025710389245709115,1.0002587944849732
sus_1,123,0.002544642883708641,0.313730957622414,0.0025506581920521462,0.9976416642722852
sus_1,124,0.002521504825050557,0.31379208432086403,0.0025305813251682583,0.9964132746782608
sus_1,125,0.0025426479857966282,0.31385292537317977,0.002510823402985438,1.0126749586503574
sus_1,126,0.0025583450629797257,0.3139097025570483,0.0024913468456908595,1.02689236844109
sus_1,127,0.002530837610884623,0.31396543130101096,0.0024721687504016612,1.0237317377599848
sus_1,128,0.0025135249894602126,0.31402040155164423,0.0024532843871222206,1.0245550832403316
sus_1,129,0.0024717801578516647,0.3140769219653791,0.0024347048214370475,1.0152278568178683
sus_1,130,0.002469584186113274,0.31413279417024004,0.0024164061090018465,1.0220070943014599
sus_1,131,0.0024541780914362718,0.3141869805712294,0.002398373897490301,1.0232675122108215
sus_1,132,0.002452129815838874,0.31423989161080673,0.0023806052394758086,1.0300447025727013
sus_1,133,0.0024366903812301946,0.31429350413272916,0.0023631090536295426,1.0311375082278311
sus_1,134,0.0024484699736784703,0.3143472777984518,0.0023458752074511325,1.0437341107921978
sus_1,135,0.0024282759421414015,0.31439937999144635,0.002328884296232936,1.0426777947145058
sus_1,136,0.0024024873731571667,0.31445100192805325,0.002312139720059215,1.0390753432044486
sus_1,137,0.0023613326872655178,0.3145016371831341,0.0022956323881980593,1.028619695124196
sus_1,138,0.0023573310952272205,0.31455128966770596,0.0022793571715051157,1.034208734241776
sus_1,139,0.002351263594939862,0.31460177265514777,0.0022633221054327176,1.0388550482037249
sus_1,140,0.0022866062118552955,0.3146509090603206,0.0022475064932880044,1.0173969324155723
sus_1,141,0.0022755004628587294,0.31469863398244646,0.0022319052055492657,1.0195327548863058
sus_1,142,0.002257423984547025,0.3147459589370087,0.002216520837584568,1.018453761529727
sus_1,143,0.0022522668574943006,0.3147921994756119,0.002201344052277006,1.0231325971806275
sus_1,144,0.0022118216152472447,0.3148372868916295,0.0021863700478585383,1.0116410153961062
sus_1,145,0.0022124457792812922,0.3148803215072462,0.0021715884241879048,1.0188145021580997
sus_1,146,0.002189029007138778,0.31492260306612874,0.0021570041305899227,1.0148469240715348
sus_1,147,0.002174283274083861,0.31496536230918404,0.0021426215123073744,1.014777113734096
sus_1,148,0.002151650952971449,0.31500662515794053,0.0021284231429590577,1.0109131542236938
sus_1,149,0.0021410347508811693,0.3150462459772706,0.0021144043354179233,1.0125947601493082
sus_1,150,0.00212443175541321,0.3150851701824269,0.002100567801216179,1.0113607159850846
