score_type,round,emp_var,theo_var_mean,n,ratio_emp_over_theo
surp1,1,0.2186035193793056,0.4961001201575904,1000,0.4406439557197937
surp1,2,0.10864555660794735,0.3828886719399443,1000,0.28375233996211907
surp1,3,0.11263935834371004,0.3575525717809139,1000,0.3150288020099279
surp1,4,0.12726851999589,0.3292556879538539,1000,0.3865340057959061
surp1,5,0.13447810893515882,0.33484316609141995,1000,0.40161521139853035
surp1,6,0.13634332017744752,0.3440026696913756,1000,0.39634378506355455
surp1,7,0.14464704521967472,0.3580972032378737,1000,0.4039323510817532
surp1,8,0.15180022486475664,0.3594905596848169,1000,0.4222648433323183
surp1,9,0.15003968512720164,0.36764759928587804,1000,0.4081073436046912
surp1,10,0.15035410375033748,0.3755716655105986,1000,0.400333990973274
surp1,11,0.157843463043988,0.36705813005924204,1000,0.4300230675138909
surp1,12,0.14965573912603636,0.3738783628603849,1000,0.40027921910506864
surp1,13,0.14996493325693924,0.3725646569995648,1000,0.4025205570079462
surp1,14,0.15673629790873694,0.3671221879353476,1000,0.4269322396181054
surp1,15,0.15359721020853487,0.3768778717082586,1000,0.40755168116485907
surp1,16,0.16470858800010127,0.37671270738317275,1000,0.43722599416474733
surp1,17,0.16653157683286654,0.3827501018348683,1000,0.4350921816467969
surp1,18,0.16680672478904077,0.37485162092988805,1000,0.4449940068959717
surp1,19,0.16133926333142132,0.38140213870673406,1000,0.4230161474146257
surp1,20,0.1696172178634725,0.37214892001114275,1000,0.455777804913135
surp1,21,0.17141523564121594,0.37287701716194,1000,0.459709844671844
surp1,22,0.16383793960844253,0.37241514309592677,1000,0.43993361345739135
surp1,23,0.152453846372611,0.3676450093156594,1000,0.41467677381610907
surp1,24,0.16377925653684722,0.3798587877715197,1000,0.431158266727683
surp1,25,0.1649344264756552,0.37302616663428734,1000,0.44215243119219555
surp1,26,0.16421156898255856,0.3766244433888627,1000,0.43600879301668427
surp1,27,0.16673507595275738,0.3716094545420226,1000,0.4486836217831011
surp1,28,0.1605110880284338,0.37327621213687345,1000,0.43000620668958506
surp1,29,0.17377501174198043,0.3762076921272415,1000,0.46191243661016373
surp1,30,0.17361363973386376,0.36635481030376355,1000,0.4738948004802006
surp1,31,0.17323539674270838,0.37122497621421874,1000,0.4666587860261356
surp1,32,0.1687457448471357,0.37154122664968176,1000,0.45417771365179466
surp1,33,0.1812320882918487,0.37180478416051593,1000,0.4874388281502236
surp1,34,0.16940108040198956,0.37203752496830733,1000,0.45533331729486237
surp1,35,0.16302973285083727,0.3731328379433565,1000,0.4369214292406664
surp1,36,0.1797257612908682,0.372179877564095,1000,0.48290026442903733
surp1,37,0.17641861386613403,0.37619176655683395,1000,0.4689592637309387
surp1,38,0.16424583482765848,0.3762694727619888,1000,0.4365111887021274
surp1,39,0.1689637436440193,0.37196467906014563,1000,0.45424674211257127
surp1,40,0.17294063241660848,0.37434803420032253,1000,0.461978203748397
surp1,41,0.16567292311239246,0.37336022863575563,1000,0.4437347912437143
surp1,42,0.17551756148068112,0.3714417610271475,1000,0.4725305011351513
surp1,43,0.1730444635498438,0.3729617402716514,1000,0.46397376691723036
surp1,44,0.18405707753799874,0.37328856355194945,1000,0.49306915750818087
surp1,45,0.1762052989947363,0.3755920084732807,1000,0.46914017076929204
surp1,46,0.1742330171642572,0.3681868905236996,1000,0.4732189593074122
surp1,47,0.15711792766141805,0.36945533792911606,1000,0.42526906917112345
surp1,48,0.1888836325110885,0.38040197495889283,1000,0.49653693972408985
surp1,49,0.1650777647596826,0.3678842083722445,1000,0.44872207342112463
surp1,50,0.177359953818273,0.36766985009668346,1000,0.48238916998941833
surp1,51,0.18078712514003684,0.3682756973601274,1000,0.4909015893146208
surp1,52,0.17681554795682655,0.36644048687423614,1000,0.48252186723436585
surp1,53,0.18507770134661708,0.3761566235568673,1000,0.4920229759522952
surp1,54,0.1595869267706733,0.37473151075285493,1000,0.4258700487985516
surp1,55,0.17964471674311663,0.37110890709091887,1000,0.4840754649392046
surp1,56,0.1464731865880939,0.36890732724587266,1000,0.3970460215079197
surp1,57,0.18605427022414547,0.36902619668234565,1000,0.5041763210764663
surp1,58,0.16612543012194703,0.36922196820800796,1000,0.4499337645813026
surp1,59,0.17212495815844844,0.3719961482254215,1000,0.4627062913945671
surp1,60,0.16465337965880625,0.36695726631743136,1000,0.44869905782537384
surp1,61,0.16059595502252805,0.3739978198068341,1000,0.4294034524197872
surp1,62,0.16049024291434194,0.36718071350047604,1000,0.43708788891531436
surp1,63,0.16894819816874915,0.367561594805916,1000,0.4596459492944552
surp1,64,0.17375199493076837,0.3667278425092048,1000,0.4737900284361617
surp1,65,0.1573893037884769,0.3728287982625117,1000,0.4221489984731755
surp1,66,0.16897486688150815,0.3732975319445709,1000,0.45265465860781096
surp1,67,0.16653227233410106,0.37076553299912135,1000,0.44915791116564147
surp1,68,0.17764494200243683,0.36764908931194906,1000,0.4831915736141146
surp1,69,0.18488333165341878,0.3642087692023345,1000,0.5076300937463362
surp1,70,0.16936046927997636,0.3713931731553431,1000,0.4560139537329022
surp1,71,0.18198600276267105,0.3633821847446652,1000,0.5008115708549269
surp1,72,0.17888194177951652,0.3708603871337763,1000,0.482343081077005
surp1,73,0.17137788277003363,0.36853417844672237,1000,0.46502575010097497
surp1,74,0.16794965367853154,0.3689110724648907,1000,0.4552578282792402
surp1,75,0.18122931995818664,0.37123992680060136,1000,0.48817303009416785
surp1,76,0.17411354527484169,0.37134261057171275,1000,0.46887575063572545
surp1,77,0.1697051603200742,0.37429966611805593,1000,0.45339383302187714
surp1,78,0.16211657791074294,0.3701159378196675,1000,0.4380156630534819
surp1,79,0.16833518991571084,0.37243376425806934,1000,0.45198691974411553
surp1,80,0.17038108120216422,0.36991839414963407,1000,0.4605909949242592
surp1,81,0.172045978894493,0.37568025646135317,1000,0.45795853238348616
surp1,82,0.16839104729421625,0.3706453438906378,1000,0.454318528668477
surp1,83,0.17185972196411026,0.37265330919437084,1000,0.4611785746265052
surp1,84,0.1856860218086573,0.36405817635995286,1000,0.5100449155276358
surp1,85,0.1893563612341368,0.3625663682454874,1000,0.5222667567057044
surp1,86,0.17500748520495396,0.36743520715227923,1000,0.4762948182383191
surp1,87,0.1871303008382735,0.36769293960458066,1000,0.508930905879005
surp1,88,0.16959746250890978,0.3670284291997367,1000,0.46208263179693615
surp1,89,0.16717778533226216,0.37103315032961615,1000,0.45057371607832286
surp1,90,0.1898961857661107,0.36958016826598844,1000,0.5138159513728063
surp1,91,0.17601532511324414,0.36667626762637967,1000,0.4800292264690357
surp1,92,0.17273328929154896,0.3660582778864654,1000,0.47187374176830654
surp1,93,0.18989527496599334,0.3695464470263145,1000,0.5138603726109464
surp1,94,0.17321276658732238,0.36446062195123335,1000,0.4752578362512346
surp1,95,0.15940066024923466,0.3650948691686882,1000,0.4366006583773306
surp1,96,0.16707745285902015,0.3715281061322612,1000,0.44970340090378474
surp1,97,0.16927898547163778,0.36878364199353786,1000,0.4590197779830051
surp1,98,0.17650421108679315,0.3659391668915587,1000,0.4823321116077686
surp1,99,0.15661603101323335,0.3666495763951505,1000,0.4271545396371685
surp1,100,0.19145763001628377,0.3664973213377749,1000,0.5223984429611442
surp1,101,0.1737314216899888,0.3737113506616862,1000,0.46488130848148784
surp1,102,0.1720364993347577,0.3710413642210976,1000,0.46365854571471415
surp1,103,0.17770467636140092,0.3671547241197708,1000,0.4840048750222025
surp1,104,0.17180282043772369,0.368202029776298,1000,0.4665993301071775
surp1,105,0.16467129093639185,0.368040931951475,1000,0.44742656764629435
surp1,106,0.15154245003558212,0.36535556026179355,1000,0.4147807410594633
surp1,107,0.16845683726035424,0.36170340946009033,1000,0.46573195843469495
surp1,108,0.1638242918483069,0.3625993492692894,1000,0.4518052560724276
surp1,109,0.16085847251875912,0.37322535372326193,1000,0.43099556585331017
surp1,110,0.1765438056179775,0.36158416629353807,1000,0.4882509304200485
surp1,111,0.15766437595273405,0.3626645517442855,1000,0.434738865969738
surp1,112,0.1649151825890359,0.36836259721710657,1000,0.44769795803084134
surp1,113,0.163825357515449,0.3651428750482863,1000,0.4486609727597309
surp1,114,0.1755495329306838,0.37530695943092734,1000,0.46774920773349654
surp1,115,0.18761591697874458,0.3652295781373271,1000,0.5136931075943707
surp1,116,0.1740243643026949,0.3624363204751201,1000,0.4801515589678354
surp1,117,0.17593435433132001,0.363394342952139,1000,0.48414169825007847
surp1,118,0.1928333595938475,0.3677108181319177,1000,0.5244157911194981
surp1,119,0.1841275308171,0.3569399070418797,1000,0.5158502234817256
surp1,120,0.1591759402124974,0.3705762876917118,1000,0.42953622641100647
surp1,121,0.17415988638383217,0.36335530079927086,1000,0.4793101573053524
surp1,122,0.1660706163678582,0.36513414610521777,1000,0.45482083267009205
surp1,123,0.16404569786451384,0.3582756245663787,1000,0.4578756873651633
surp1,124,0.16752536592461814,0.36738119576426337,1000,0.4559987496804647
surp1,125,0.1873731675484808,0.3681022949160202,1000,0.5090247198573663
surp1,126,0.16193824989902103,0.3600862659899009,1000,0.44972070638085043
surp1,127,0.15775697059957,0.36356380561213614,1000,0.4339182508389496
surp1,128,0.17874098356055496,0.3630898866929416,1000,0.4922775051339089
surp1,129,0.1581908260574736,0.36552900835973534,1000,0.4327722901318686
surp1,130,0.16980705851826397,0.3674421348931764,1000,0.46213278879307257
surp1,131,0.1791730164477878,0.3690108783747121,1000,0.4855494158788635
surp1,132,0.1592891268738471,0.36571419257098786,1000,0.4355563172269501
surp1,133,0.16075087661475243,0.371283998058901,1000,0.4329593450166702
surp1,134,0.17492502366044388,0.3639533682818898,1000,0.4806248242356165
surp1,135,0.17210276629849372,0.3655824874272285,1000,0.4707631580212164
surp1,136,0.18048944496262856,0.36465405900233877,1000,0.4949607456898511
surp1,137,0.16618616001180772,0.36115975319359084,1000,0.4601458455497606
surp1,138,0.1598586224160763,0.364825137211086,1000,0.4381787495185204
surp1,139,0.17885247351469713,0.3638775052812527,1000,0.49151835691644713
surp1,140,0.18415490343395435,0.37116017794530887,1000,0.496160187370882
surp1,141,0.18001566689444756,0.3549599217675008,1000,0.5071436403244366
surp1,142,0.18338257653071002,0.3616916988013052,1000,0.5070135066369078
surp1,143,0.18106521925205576,0.36612281052733514,1000,0.4945477693434707
surp1,144,0.17696393117816073,0.3661874963872305,1000,0.4832604415062483
surp1,145,0.1909299365351344,0.3565407544049558,1000,0.535506626314808
surp1,146,0.14813622542224691,0.3611193969867342,1000,0.41021398091138467
surp1,147,0.19947668322539486,0.3589348115126176,1000,0.5557462715437471
surp1,148,0.16955284059038847,0.3652916214582532,1000,0.46415748577404903
surp1,149,0.16833238949477092,0.36045358216518203,1000,0.46700157197392106
surp1,150,0.17203539021314165,0.35930092028090577,1000,0.4788058713533
surp2,1,0.26132028047878947,0.2763238671249293,1000,0.9457028927604124
surp2,2,0.39811978352067645,0.39947848569447947,1000,0.9965988101425763
surp2,3,0.48498891691199325,0.44446573439841564,1000,1.0911727932602628
surp2,4,0.4561193005459518,0.42570625235862825,1000,1.0714413941980412
surp2,5,0.42366982238048584,0.4142861711127238,1000,1.0226501677392674
surp2,6,0.4000162845754465,0.3992689804987469,1000,1.0018716807796242
surp2,7,0.40210890828483575,0.39441973065180547,1000,1.0194949112214122
surp2,8,0.4100670453682922,0.39633671595900216,1000,1.0346430922405643
surp2,9,0.43001221911302523,0.39637748251342564,1000,1.0848553161655956
surp2,10,0.3713242380566091,0.396808491059129,1000,0.9357769463690169
surp2,11,0.4313439052981669,0.3983818311744332,1000,1.0827399031390594
surp2,12,0.338787498972404,0.3950116310800051,1000,0.8576646162193297
surp2,13,0.4052496318577322,0.3958808040334818,1000,1.0236657795194788
surp2,14,0.39033968282205334,0.3969977108839113,1000,0.9832290517569133
surp2,15,0.3262422852734373,0.39495118798772044,1000,0.8260319127931844
surp2,16,0.3836688083381802,0.3934362467933263,1000,0.9751740249284225
surp2,17,0.3705251390064282,0.3923234277883373,1000,0.9444379630734938
surp2,18,0.38306113062774977,0.3925397641670647,1000,0.9758530615123088
surp2,19,0.378231993461891,0.3913183026052051,1000,0.9665584025684669
surp2,20,0.3611534705748604,0.39129802918294143,1000,0.9229626618078679
surp2,21,0.4070805324291031,0.39073829385216163,1000,1.0418240004475339
surp2,22,0.44134349615276175,0.3894759713512688,1000,1.1331725924491336
surp2,23,0.34586329971658136,0.3881826805075507,1000,0.8909807600492723
surp2,24,0.3342451733731461,0.38807505321043345,1000,0.861290027813001
surp2,25,0.342922399317403,0.38746340536631796,1000,0.8850446121310354
surp2,26,0.3481177175959373,0.3874097404070033,1000,0.8985776073420695
surp2,27,0.421727823632696,0.38735732601861234,1000,1.0887307282073508
surp2,28,0.3458567288342669,0.3866596701443389,1000,0.894473242335203
surp2,29,0.3719663410709675,0.3856385318718801,1000,0.9645466164012498
surp2,30,0.3330399443823026,0.38523276742892903,1000,0.8645161381391177
surp2,31,0.360751284072291,0.38476789156518354,1000,0.9375815705536233
surp2,32,0.3736654323894405,0.38487292692438574,1000,0.9708800132435734
surp2,33,0.3302873510970691,0.3846242387628265,1000,0.8587273442762313
surp2,34,0.37417749875161016,0.384133726887428,1000,0.9740813486582095
surp2,35,0.3431912431879571,0.3835393351936297,1000,0.8948006415422739
surp2,36,0.3726566771638866,0.3833455030882646,1000,0.9721169914913104
surp2,37,0.34057400217140654,0.3831741145871178,1000,0.8888230942697832
surp2,38,0.40364612698674224,0.3831124594358234,1000,1.0535969714510383
surp2,39,0.4105913709290622,0.3831093402018201,1000,1.071734170492332
surp2,40,0.3786422190246909,0.38241556643412805,1000,0.9901328613669624
surp2,41,0.3561487473734176,0.3823640345327104,1000,0.9314389304649674
surp2,42,0.36358576007699667,0.38205335283251285,1000,0.9516622675377694
surp2,43,0.4155804367419534,0.3817821196774715,1000,1.0885277631467776
surp2,44,0.3889927581408757,0.3816620725304005,1000,1.0192072677326125
surp2,45,0.32410790892316677,0.3814203567638661,1000,0.8497394100121904
surp2,46,0.45232099781870827,0.3816162549176525,1000,1.1852770734734894
surp2,47,0.39449026802336823,0.38134039485449683,1000,1.0344832945743627
surp2,48,0.3406555359391984,0.38149958114038146,1000,0.8929381650194956
surp2,49,0.31557375539642807,0.3818051809977786,1000,0.8265308358879083
surp2,50,0.339292392984306,0.3818919149028524,1000,0.8884513647549123
surp2,51,0.36970617091261865,0.3815046331404429,1000,0.9690738690885546
surp2,52,0.4238470746712404,0.38140770757664916,1000,1.1112703447034102
surp2,53,0.3838078275365431,0.3810538445067482,1000,1.007227280526089
surp2,54,0.42067870428152737,0.3810663053685146,1000,1.1039514602969296
surp2,55,0.37477821730141875,0.38124389769648814,1000,0.9830405668546155
surp2,56,0.47453783588586346,0.3808845637734048,1000,1.2458836115190395
surp2,57,0.3047550712039959,0.3810764856854008,1000,0.7997215326888147
surp2,58,0.3289039419522216,0.38108070533998567,1000,0.8630821171037407
surp2,59,0.36818430145237036,0.38103890949111274,1000,0.966264316534209
surp2,60,0.38441074505777795,0.3807517261414967,1000,1.0096099864165067
surp2,61,0.3577634960496496,0.3803180055291012,1000,0.940695656919862
surp2,62,0.3468427998673518,0.38041304832347417,1000,0.9117531625056751
surp2,63,0.4202360028360554,0.37995506023356357,1000,1.1060150181385413
surp2,64,0.3827570375473715,0.3798389692287337,1000,1.0076823826806474
surp2,65,0.3965418150225096,0.3796494242650954,1000,1.0444947092705688
surp2,66,0.3738008295335375,0.3796713579243463,1000,0.9845378686901671
surp2,67,0.46187441803765233,0.3794617445367543,1000,1.217183088117373
surp2,68,0.43462679041216606,0.37985711495496544,1000,1.1441849403391955
surp2,69,0.4010479051877183,0.3801133185517449,1000,1.0550745938493697
surp2,70,0.39122399738329566,0.37958502915580083,1000,1.0306623479155117
surp2,71,0.4446653083123,0.3795625914314064,1000,1.171520372003411
surp2,72,0.3687536675236689,0.3795788554083117,1000,0.9714810566226135
surp2,73,0.404355723088003,0.3796963547957635,1000,1.0649449697917264
surp2,74,0.4081523137610631,0.37953541214825764,1000,1.075399819613214
surp2,75,0.39167546408219156,0.3795857849127519,1000,1.0318496625794837
surp2,76,0.45605833218311903,0.37947370867211977,1000,1.2018179962427158
surp2,77,0.3870174236091923,0.3794997515479003,1000,1.0198094255151129
surp2,78,0.36607596289611144,0.37922604745533217,1000,0.9653238888851124
surp2,79,0.3582365282513163,0.379446507237663,1000,0.944102848275628
surp2,80,0.4066173030738902,0.37918781682195596,1000,1.0723374671734602
surp2,81,0.33151177049251096,0.3789765271227782,1000,0.8747554182560496
surp2,82,0.418600005302782,0.37898343750477725,1000,1.1045337708128877
surp2,83,0.3906153330746775,0.37893572802151204,1000,1.0308221267869004
surp2,84,0.3720371095441724,0.37871525211173945,1000,0.9823663226386333
surp2,85,0.4183421535892104,0.3786735034344699,1000,1.104756867842498
surp2,86,0.40929051950117284,0.3782759230409783,1000,1.0819893484387448
surp2,87,0.36269519641929937,0.37844754597597846,1000,0.9583763992548681
surp2,88,0.3681901116464934,0.3781696524068879,1000,0.9736109423459048
surp2,89,0.35842806093840635,0.37794428473980296,1000,0.9483621671516144
surp2,90,0.3527971945868875,0.3777564615529741,1000,0.9339276239948937
surp2,91,0.40603617279782395,0.3778611006451152,1000,1.0745646273315934
surp2,92,0.33607744573811665,0.3775498282752721,1000,0.8901538831930871
surp2,93,0.3670863092514591,0.3775628464382074,1000,0.9722522030820028
surp2,94,0.39367846961735664,0.37779349236179605,1000,1.0420467201704688
surp2,95,0.3476727031219674,0.3779339320887677,1000,0.9199298438233574
surp2,96,0.3228634296613149,0.37783933842910267,1000,0.8544992456414028
surp2,97,0.3661686931075675,0.3779029626020337,1000,0.9689489878203906
surp2,98,0.41478944286697406,0.37746438523539366,1000,1.098883653906325
surp2,99,0.3454050248765457,0.37747434675613967,1000,0.9150423806142467
surp2,100,0.47541983922546177,0.3772777762122324,1000,1.2601321074316896
surp2,101,0.33172130932312366,0.37755711584770596,1000,0.8785990129687532
surp2,102,0.31536071176574526,0.37750567545468666,1000,0.8353800545803957
surp2,103,0.3070218312346782,0.37728795417824235,1000,0.8137599619457548
surp2,104,0.42775228841032026,0.37720478921130196,1000,1.1340054544501095
surp2,105,0.4158388158989236,0.37705773777613877,1000,1.1028518294081777
surp2,106,0.38682478442173823,0.37678360626154295,1000,1.0266497214669823
surp2,107,0.3660991291429717,0.376676337281154,1000,0.9719196373880863
surp2,108,0.38765255709444013,0.3763864257463051,1000,1.029932352968884
surp2,109,0.28388586763421736,0.37624459705103563,1000,0.7545247688851455
surp2,110,0.46665104034500837,0.37636645212254427,1000,1.2398847923700373
surp2,111,0.48343420106085555,0.37665541350954185,1000,1.2834919762771673
surp2,112,0.3933089967506024,0.3765906675309686,1000,1.0443939020827142
surp2,113,0.3688944641522959,0.37678910004742555,1000,0.9790476001186447
surp2,114,0.31008216307459613,0.37676449089136044,1000,0.8230132365738467
surp2,115,0.3857178637287061,0.3765567631565982,1000,1.0243286045251512
surp2,116,0.401265926484859,0.3764714418647559,1000,1.0658602004372228
surp2,117,0.4859380902242802,0.3761692652742197,1000,1.2918070004205189
surp2,118,0.3831851382759957,0.37605853398696565,1000,1.0189507846384283
surp2,119,0.37861609649990186,0.37570789211089783,1000,1.0077405996788207
surp2,120,0.32196037243243714,0.37587001843151974,1000,0.8565737000677949
surp2,121,0.3798155630910893,0.3759549132325813,1000,1.0102689171563497
surp2,122,0.38827890234320916,0.3759369792936124,1000,1.0328297659697838
surp2,123,0.36240724164716215,0.3757454015174617,1000,0.9645021341141291
surp2,124,0.3346712427516753,0.3755693703272772,1000,0.891103666041875
surp2,125,0.32565482537810975,0.3754777449342191,1000,0.8673079290895445
surp2,126,0.35232614657773664,0.37549570364935747,1000,0.9382960794319585
surp2,127,0.3335068164264714,0.37544144267154445,1000,0.8883058142258429
surp2,128,0.30297904325736874,0.3755501633160468,1000,0.8067605152454551
surp2,129,0.35052706333632083,0.3753602195713396,1000,0.9338418006485126
surp2,130,0.28080706865763566,0.37504752800631475,1000,0.7487239554686724
surp2,131,0.3200271069338475,0.3752417376318609,1000,0.8528558388880958
surp2,132,0.386084001854506,0.3754383984049988,1000,1.0283551269522073
surp2,133,0.32107152956775903,0.3755842320984486,1000,0.8548589161314935
surp2,134,0.4679396109070075,0.3754045432608995,1000,1.246494266804325
surp2,135,0.36442202006340035,0.375263539829543,1000,0.9711095840244239
surp2,136,0.39505031985716943,0.3751325505133319,1000,1.0530952840977996
surp2,137,0.46773180888477184,0.3752014975984737,1000,1.246614983891457
surp2,138,0.34446552183135193,0.37505343915079103,1000,0.9184438425929453
surp2,139,0.3788741031242356,0.37527184942309155,1000,1.0095990512122925
surp2,140,0.34918709651109797,0.3751682678952474,1000,0.9307479506998078
surp2,141,0.3884036739442655,0.3752658176801261,1000,1.03500946701023
surp2,142,0.44860285130979966,0.3747761126020872,1000,1.1969889121137687
surp2,143,0.3190891757238788,0.37470325739403865,1000,0.8515783341278083
surp2,144,0.34684936965582064,0.3746813509589949,1000,0.9257182637141175
surp2,145,0.5198232262866775,0.3747873371579443,1000,1.386981828758029
surp2,146,0.32382716389614696,0.37493750938738074,1000,0.8636830292740137
surp2,147,0.3872239871063594,0.37486705301322343,1000,1.0329635106468003
surp2,148,0.34336804157026923,0.37465775121777484,1000,0.9164845527796966
surp2,149,0.37562641879599457,0.3743845129626148,1000,1.0033171933944387
surp2,150,0.29234644699732343,0.3744340246461194,1000,0.7807689145601081
sus,1,0.42895526168597925,0.3619087771956466,1000,1.1852579675183936
sus,2,0.19781035656681098,0.20899273832026766,1000,0.9464939220217288
sus,3,0.19191207055066217,0.24228799150937916,1000,0.7920824691108684
sus,4,0.21868575113204192,0.2273561197675563,1000,0.961864370994813
sus,5,0.23283695268998192,0.2370615956697631,1000,0.9821791337907542
sus,6,0.2365285252433024,0.23938518629997224,1000,0.9880666757169754
sus,7,0.24939149696115426,0.25736686217017346,1000,0.9690116857245367
sus,8,0.26593045612407024,0.2686548675285118,1000,0.9898590655382321
sus,9,0.26183445195299293,0.27136385084299414,1000,0.9648833149279167
sus,10,0.2605107563368846,0.2768099876239371,1000,0.9411176185261205
sus,11,0.27765634043143944,0.2842350975279595,1000,0.9768545223523182
sus,12,0.26088089004664794,0.2830480170474531,1000,0.9216842172856883
sus,13,0.26183408852598855,0.2875984365933869,1000,0.9104155489418583
sus,14,0.2762530346923974,0.2932400180377446,1000,0.9420714012397835
sus,15,0.2728285280118257,0.2937114566175599,1000,0.9288998500561533
sus,16,0.29564577751413273,0.29477315063178855,1000,1.0029603336683612
sus,17,0.30406327990236937,0.2956915068307052,1000,1.0283125246355396
sus,18,0.3053001313245001,0.2990805340548154,1000,1.0207957274429127
sus,19,0.2882468442353411,0.30021139931689744,1000,0.960146233258362
sus,20,0.30791695745928943,0.3015997444980643,1000,1.0209456840612996
sus,21,0.3137495168013884,0.30297879030804,1000,1.0355494405479597
sus,22,0.2984955274608011,0.3032563512442477,1000,0.9843009923323514
sus,23,0.27236215128492436,0.30259666231973537,1000,0.9000831311124508
sus,24,0.29776611775760864,0.30370394408271373,1000,0.9804486361115945
sus,25,0.30006496578823544,0.3048580822927514,1000,0.984277548200565
sus,26,0.2982790010502702,0.30625938543705017,1000,0.9739424005720135
sus,27,0.30684741483812955,0.30773011521353294,1000,0.9971315762359141
sus,28,0.29385361909118884,0.3087187055651616,1000,0.9518490904308512
sus,29,0.31936849949374485,0.30849251521259513,1000,1.0352552614563586
sus,30,0.3186286494444191,0.30879802334128387,1000,1.0318351328702335
sus,31,0.3177603863660347,0.30882384203072694,1000,1.0289373523641954
sus,32,0.30844589414815166,0.3099431744177757,1000,0.9951691781164833
sus,33,0.33957705670853683,0.3109451280042415,1000,1.0920803258377625
sus,34,0.31315817414827957,0.3115598738013626,1000,1.0051299942043757
sus,35,0.29541606566346157,0.31205570045854125,1000,0.9466773567326953
sus,36,0.3362531224599215,0.31289614112307246,1000,1.074647712985575
sus,37,0.33036046532091917,0.3133529400784852,1000,1.0542759395784642
sus,38,0.30305720577042855,0.3142410297554748,1000,0.9644100453917527
sus,39,0.31250058661792834,0.315460525404823,1000,0.9906170866129883
sus,40,0.32083952412697037,0.3152322663482,1000,1.0177877025208348
sus,41,0.3058048476171778,0.3159285125088978,1000,0.9679558365551609
sus,42,0.3283350215812025,0.31606954766272083,1000,1.038806250109138
sus,43,0.322235235393366,0.3168863429088135,1000,1.0168795298511546
sus,44,0.3516675142689597,0.31718970005814096,1000,1.1086977736178034
sus,45,0.3266131277851917,0.31816476125132515,1000,1.0265534325694636
sus,46,0.32386280701788706,0.31809285413737276,1000,1.0181392093706778
sus,47,0.28469945933407664,0.31772601940053335,1000,0.8960533351068658
sus,48,0.3601526414138361,0.3182015361571228,1000,1.1318381606932235
sus,49,0.3032088876096889,0.31871845967106666,1000,0.9513377038864194
sus,50,0.3323058812477241,0.31857651751113314,1000,1.0430959690433277
sus,51,0.3400016754419984,0.3188761223403173,1000,1.066250031349588
sus,52,0.3298705724616709,0.3189972488433828,1000,1.034085947943791
sus,53,0.3510152548085997,0.31909522503632126,1000,1.1000329283167591
sus,54,0.2938713480341848,0.31892268334908147,1000,0.9214501300069761
sus,55,0.3351593701089792,0.31939832340934543,1000,1.0493460533273815
sus,56,0.26844078979086533,0.31954895081294993,1000,0.8400615589816125
sus,57,0.343154284993948,0.3201299709592948,1000,1.0719217696664234
sus,58,0.3080392628710992,0.3199652228306049,1000,0.962727324382314
sus,59,0.31708982642629724,0.31990485548052117,1000,0.9912004178555042
sus,60,0.30195176256805417,0.32028621004791163,1000,0.9427560509797945
sus,61,0.2878787489965914,0.3201656252492565,1000,0.8991557065892722
sus,62,0.2962841084048933,0.3201839907947873,1000,0.9253557858075047
sus,63,0.30865841704782254,0.3201080819187167,1000,0.964231878176067
sus,64,0.3202717109804417,0.3204052151681882,1000,0.9995833270451718
sus,65,0.2890257311766066,0.3201958019389251,1000,0.9026530935959494
sus,66,0.31565550544404103,0.3207267366164659,1000,0.9841883117512302
sus,67,0.30893604868193103,0.3206544325980407,1000,0.9634547889415913
sus,68,0.33353037593792834,0.32110990350661417,1000,1.0386798173948513
sus,69,0.3422936807004914,0.3213592611063771,1000,1.0651433524026699
sus,70,0.31324743895362184,0.3210029299352889,1000,0.9758398124801213
sus,71,0.33994261017550204,0.3212935920417339,1000,1.0580435420926346
sus,72,0.33162361796390394,0.32153912063507445,1000,1.0313632049155061
sus,73,0.3148547621853537,0.3215925345494073,1000,0.9790487289342892
sus,74,0.31274559723985434,0.32116674429933245,1000,0.9737795173100816
sus,75,0.3404093849620895,0.3215442087186624,1000,1.0586705520793047
sus,76,0.3270695583265661,0.3215111660379365,1000,1.0172883335814649
sus,77,0.3143885542193251,0.3218505511131038,1000,0.9768153359751234
sus,78,0.29485899511502345,0.3217921621466222,1000,0.9163026008715313
sus,79,0.31419929394194007,0.3221711009307589,1000,0.9752559836503395
sus,80,0.3179655002247198,0.3221842820311641,1000,0.986905687081171
sus,81,0.31799067423681693,0.3221610404098088,1000,0.9870550263691509
sus,82,0.31485871016331674,0.32220424626726657,1000,0.9772022368139222
sus,83,0.3205104831578078,0.32240756878484983,1000,0.9941158775081114
sus,84,0.34585371636025153,0.32229364863262516,1000,1.0731012473487553
sus,85,0.35604032846801237,0.3217901079164403,1000,1.106436524022876
sus,86,0.3247580597814744,0.3215285659402411,1000,1.0100441894852774
sus,87,0.35041219167481763,0.3218064438526964,1000,1.088891159169004
sus,88,0.3157215035661974,0.32158376057201926,1000,0.9817706684087706
sus,89,0.31053005905882497,0.3216598275676313,1000,0.9653989477238459
sus,90,0.3587543816427395,0.3216282805724624,1000,1.1154317058319523
sus,91,0.32837827791038654,0.3219220575354818,1000,1.0200552283504
sus,92,0.3188143957847257,0.3216561926707773,1000,0.9911651106031706
sus,93,0.35914413041355386,0.3216304653802751,1000,1.1166359193894304
sus,94,0.3244535438665539,0.32189574363773094,1000,1.0079460517244414
sus,95,0.29156648344114244,0.32201886319857587,1000,0.9054329319253118
sus,96,0.3114438620757941,0.32196543014724743,1000,0.9673208143289129
sus,97,0.3136288711156536,0.3218506194866566,1000,0.9744547691593184
sus,98,0.3284308364923427,0.3215244391448554,1000,1.0214801629569932
sus,99,0.284964808935371,0.3219678432703028,1000,0.8850722669721196
sus,100,0.35912274795517235,0.3216897132485471,1000,1.1163637914579612
sus,101,0.32290154568853285,0.32203107787817487,1000,1.0027030552954497
sus,102,0.32013211246310047,0.3221069007526254,1000,0.9938691524928194
sus,103,0.3323130105380383,0.32192842809985006,1000,1.0322574259734756
sus,104,0.31926773340091535,0.3218656407871349,1000,0.9919285967279196
sus,105,0.30833672629912307,0.3216162330668272,1000,0.9587100854920316
sus,106,0.2753393430170532,0.32139890800180443,1000,0.8566903500976032
sus,107,0.3086173490115872,0.3215405351886957,1000,0.9598085318557907
sus,108,0.30252941514614307,0.32132624952050914,1000,0.9415023378811561
sus,109,0.2943305783590033,0.32126335329623257,1000,0.9161660529877028
sus,110,0.3288039434386122,0.32121778804758017,1000,1.0236168595679027
sus,111,0.29127489111269095,0.3216960319351895,1000,0.9054351381349107
sus,112,0.3008270636037463,0.32154599012749463,1000,0.9355646558816262
sus,113,0.30124450697924693,0.3218901326890401,1000,0.935861265651974
sus,114,0.3291345922453905,0.3219753157558495,1000,1.0222354824708668
sus,115,0.3572765053824577,0.3218231831973216,1000,1.1101639783464523
sus,116,0.32405615142959526,0.32177504544086805,1000,1.0070891326752882
sus,117,0.3307599470953324,0.32143151521974184,1000,1.0290215222649008
sus,118,0.36885094361010506,0.32127845141126576,1000,1.1480724648350042
sus,119,0.34145195218297275,0.32106662816094417,1000,1.0634925035304816
sus,120,0.29192611949522695,0.32128559346528524,1000,0.9086187660847278
sus,121,0.32236835961546934,0.3214061051533623,1000,1.0029938898069402
sus,122,0.31034918629473435,0.32135786078225864,1000,0.9657432543870977
sus,123,0.3038126649573886,0.32132183146731375,1000,0.9455089421407514
sus,124,0.3132721732239693,0.32115772635979367,1000,0.9754464785100945
sus,125,0.3559998842480759,0.32113435501690046,1000,1.1085699137650362
sus,126,0.2924986442099558,0.3211206211185073,1000,0.9108684555701928
sus,127,0.28817259267804446,0.3209561953216744,1000,0.8978564579170283
sus,128,0.3351651570923859,0.32097073524292746,1000,1.0442234144452933
sus,129,0.2936195053460527,0.3208431157659028,1000,0.9151497754444159
sus,130,0.3173543523455148,0.32046223841622457,1000,0.9903018649371313
sus,131,0.3359324066939894,0.32062073558589543,1000,1.0477563345368595
sus,132,0.29379597759635634,0.32070819855865035,1000,0.916085023447343
sus,133,0.2990967940924401,0.3208553554457908,1000,0.9321857622631241
sus,134,0.3290569924315,0.320710517238567,1000,1.026024950054021
sus,135,0.32619826345921904,0.3205730668491489,1000,1.0175473150797076
sus,136,0.3424011514929122,0.32040156109568946,1000,1.0686625568302162
sus,137,0.31100759988231946,0.3205689342957497,1000,0.9701738584419127
sus,138,0.2935003520347213,0.3204634861372237,1000,0.9158620708165277
sus,139,0.3357801806611996,0.3205172603400342,1000,1.0476196517621954
sus,140,0.34928876250374435,0.3204537313858312,1000,1.0899818859752808
sus,141,0.3356891099546346,0.3205136789528324,1000,1.0473472179140144
sus,142,0.3473267366955994,0.32004015425431076,1000,1.0852598715460127
sus,143,0.341492470231386,0.31998963334923514,1000,1.0671985422061558
sus,144,0.33118927206968657,0.31990656758435526,1000,1.0352687491555053
sus,145,0.35980452941954055,0.31995937935560337,1000,1.1245319019688846
sus,146,0.26831819862873435,0.3200808197925686,1000,0.8382826524957682
sus,147,0.3805741252374137,0.3199236912878563,1000,1.1895778137136652
sus,148,0.3167527253287965,0.31974557240286333,1000,0.9906399108154155
sus,149,0.31073931526269494,0.3194817012534525,1000,0.9726357223075446
sus,150,0.3198574099458976,0.31961634191884125,1000,1.000754241868889
